카테고리,지역1,지역2,상호명,메뉴
맛녀석,경기,파주시,맷돌우리콩감자탕,콩비지 감자탕
맛녀석,인천,남동구,부암갈비,생돼지갈비
맛녀석,인천,중구,만다복,짜장면
맛녀석,서울,성동구,은성보쌈,보쌈김치
맛녀석,서울,송파구,탕,김치찌개
맛녀석,강원,속초시,동명항생선숯불구이,생선구이
맛녀석,서울,종로구,만정,소고기 구이
맛녀석,서울,서초구,오대산산채전문점,나물비빔밥
맛녀석,서울,강서구,방화동쭈꾸미마을,쭈꾸미
맛녀석,서울,송파구,가나안,떡볶이
맛녀석,경기,안양시,에버그린,돈까스
맛녀석,경기,화성시,신동태,알탕
맛녀석,서울,마포구,강수곱창,소곱창구이
맛녀석,서울,마포구,군자네,고등어김치찜
맛녀석,경기,고양시,싹쓰리 솥뚜껑김치삼겹살,삼겹살
맛녀석,서울,강서구,농실가찹쌀순대 ,갈비탕
맛녀석,경기,고양시,별미진미,게장
맛녀석,서울,도봉구,방학사거리짬뽕집,짬뽕
맛녀석,경기,고양시,뉴욕엔와이,스테이크
맛녀석,서울,강남구,대우부대찌개,부대찌개
맛녀석,경기,용인시,한참치 2호점,참치회
맛녀석,서울,강서구,광주똑순이아구찜,아구찜
맛녀석,경기,남양주시,더수제비 남양주본점,수제비
맛녀석,서울,서대문구,청송함흥냉면전문점 본관,냉면
맛녀석,전북,전주시,조점례남문피순대,피순대
맛녀석,전북,전주시,전주물갈비,물갈비
맛녀석,경기,안양시,삼촌식당,카레
맛녀석,서울,강남구,꽃새우영번지 역삼점,새우
맛녀석,서울,관악구,페리카나,치킨
맛녀석,서울,강북구,땡초닭발,닭발
맛녀석,서울,동대문구,광주식당,청국장
맛녀석,서울,서초구,대가향,탕수육
맛녀석,서울,강서구,유림,닭볶음탕
맛녀석,서울,강남구,돌곰네,문어
맛녀석,서울,종로구,광화문미진,메밀
맛녀석,서울,강남구,맛자랑,콩국수
맛녀석,서울,강동구,버섯잔치집,버섯전골
맛녀석,전남,광양시,청룡식당,재첩국
맛녀석,전남,광양시,금목서 광양불고기,광양불고기
맛녀석,서울,영등포구,전주전집 영등포점,전
맛녀석,서울,마포구,하노이안,쌀국수
맛녀석,경기,파주시,The담다(구 대흥식당),제육볶음
맛녀석,서울,중구,호남식당,갈치조림
맛녀석,경기,용인시,청솔유황오리진흙구이,오리진흙구이
맛녀석,서울,서초구,새마을식당 서초교대점,열탄불고기
맛녀석,인천,남동구,처가집추어탕 본점,추어탕
맛녀석,인천,중구,신포순대 본점,순대볶음
맛녀석,서울,마포구,성화라멘,라멘
맛녀석,서울,광진구,안동참찜닭,찜닭
맛녀석,서울,종로구,다락정,만두전골
맛녀석,경기,성남시,오불뚝 위례본점,오징어볶음
맛녀석,서울,서초구,우작설렁탕,설렁탕
맛녀석,서울,종로구,억조,복어
맛녀석,경기,남양주시,수인씨의마당,시래기
맛녀석,서울,종로구,혜화양육관,양꼬치
맛녀석,서울,서초구,백년옥 본관,순두부
맛녀석,서울,마포구,팔팔전복,전복
맛녀석,경기,고양시,소풍,보리굴비
맛녀석,서울,마포구,아소정,갈비찜
맛녀석,서울,용산구,오근내닭갈비,닭갈비
맛녀석,서울,은평구,목포세발낙지산낙지 본관,낙지
맛녀석,서울,성동구,목포산꽃게아구찜탕,꽃게백숙
맛녀석,서울,강서구,전주뜰콩나물국밥,콩나물국밥
맛녀석,경기,고양시,산촌 고양점,사찰음식
맛녀석,경기,안양시,옛집,쌈밥
맛녀석,경기,의왕시,전라도팥바지락칼국수,바지락 칼국수
맛녀석,경기,군포시,자성화맛집코다리네 별관,코다리조림
맛녀석,경기,파주시,초원오리농장,오리주물럭
맛녀석,경기,용인시,바위꽃,굴
맛녀석,서울,용산구,땅끝마을,매생이 국밥
맛녀석,경기,의왕시,콩지팥찌,팥죽
맛녀석,서울,영등포구,정솔닭한마리 영등포본점,닭한마리
맛녀석,서울,은평구,대관령황태마을 역촌점,황태
맛녀석,부산,부산진구,송정삼대국밥,돼지국밥
맛녀석,부산,동래구,동래할매파전,동래파전
맛녀석,경북,포항시,윤금자모리칼국수 본점,모리국수
맛녀석,경북,포항시,엘토르 원조구룡포과메기전문점,과메기
맛녀석,서울,강남구,한일관 압구정점,불고기
맛녀석,경기,고양시,허육도,해물찜
맛녀석,서울,종로구,여자만 관훈점본관,꼬막
맛녀석,서울,마포구,우동카덴 서교점,일본우동
맛녀석,서울,강남구,통영집,도다리쑥국
맛녀석,서울,중구,참숯꼼장어,등갈비구이
맛녀석,서울,종로구,장모님해장국,선지해장국
맛녀석,서울,중구,바오차이,딤섬
맛녀석,서울,강남구,하오,북경오리
맛녀석,서울,광진구,바른면집 건대점,파스타
맛녀석,서울,강남구,동경전통육개장,육개장
맛녀석,서울,용산구,정통우거지탕,LA갈비
맛녀석,서울,서초구,아따맵소,고추장찌개
맛녀석,서울,강남구,청담정스시,회전초밥
맛녀석,인천,남동구,쫄면가,쫄면
맛녀석,제주특별자치도,서귀포시,바다의집,성게 미역국
맛녀석,제주특별자치도,서귀포시,꽃돼지연탄구이,흑돼지 근고기
맛녀석,제주특별자치도,제주시,해월정,보말 칼국수
맛녀석,경기,안양시,금강올갱이해장국,다슬기 해장국
맛녀석,서울,관악구,볏짚구이이야기,곰장어
맛녀석,서울,중랑구,유정역,차돌박이
맛녀석,경기,양평군,평양초계탕막국수,초계탕
맛녀석,서울,종로구,종로진낙지,철판낙지볶음
맛녀석,경기,의왕시,일출보리밥,보리밥
맛녀석,서울,광진구,계탄집 본점,닭 숯불구이
맛녀석,서울,영등포구,부흥동태탕,동태찌개
맛녀석,경기,남양주시,시가올비빔국수,비빔국수
맛녀석,서울,송파구,호인족발,불족발
맛녀석,서울,마포구,오비야,냉소바
맛녀석,서울,양천구,숲속도토리마을,도토리 정식
맛녀석,서울,동작구,폭탄밥,노량진 폭탄밥
맛녀석,서울,동작구,길거리쌀국수,노량진 길거리 쌀국수
맛녀석,서울,용산구,미스터케밥,이태원 케밥
맛녀석,인천,중구,목포신안18호횟집,횟집 곁들이 찬
맛녀석,인천,중구,신포찬누리닭강정,닭강정
맛녀석,서울,영등포구,정인면옥,평양냉면
맛녀석,서울,마포구,청어람,곱창전골
맛녀석,경기,하남시,팔당원조칼제비칼국수,칼제비
맛녀석,서울,송파구,대갈곱창&막창,돼지막창구이
맛녀석,인천,중구,만정수산,대하구이
맛녀석,서울,마포구,웰빙김치찜,돼지고기 김치찜
맛녀석,서울,은평구,만석장,두부요리
맛녀석,서울,서초구,담뿍화로된장,된장찌개
맛녀석,서울,영등포구,부여집,도가니요리
맛녀석,서울,강남구,초량돼지,돼지껍데기
맛녀석,인천,강화군,서해안횟집,전어요리
맛녀석,인천,강화군,외포왕꽃게탕,꽃게탕
맛녀석,서울,서초구,영광굴비전문점 서초점,굴비구이
맛녀석,서울,영등포구,송원마포돼지갈비,양념돼지갈비
맛녀석,경기,파주시,청산어죽,어죽
맛녀석,경기,고양시,우렁각시쌈밥총각,우렁이쌈밥
맛녀석,경기,성남시,추억의연탄집 미금점,고추장삼겹살
맛녀석,서울,중구,황평집,닭곰탕
맛녀석,서울,용산구,원대구탕,대구탕
맛녀석,서울,강동구,까시,삼치구이
맛녀석,경기,부천시,삼도갈비,한우 생갈비
맛녀석,서울,동작구,팔팔해물탕,해물탕
맛녀석,서울,서초구,하나우동,철판볶음밥
맛녀석,서울,강남구,강남목장,한우특수부위
맛녀석,서울,영등포구,송죽장,짬뽕
맛녀석,서울,마포구,삼국지,훠궈
맛녀석,경기,수원시,진미통닭,통닭
맛녀석,서울,마포구,김앤김대게전문점 서교점,로브스터
맛녀석,서울,용산구,로코스비비큐,립바비큐
맛녀석,부산,동래구,구기영조방낙지,낙곱새
맛녀석,부산,영도구,사랑방,조개구이
맛녀석,부산,남구,내호냉면,밀면
맛녀석,부산,연제구,한방장어구이,양념장어
맛녀석,서울,관악구,김영자나주곰탕,나주곰탕
맛녀석,서울,서초구,강촌원조쭈꾸미,주꾸미삼겹살
맛녀석,서울,마포구,바다회사랑,대방어회
맛녀석,서울,광진구,매화반점,중국요리(깐풍기&깐쇼새우)
맛녀석,서울,서초구,디 안다만,똠양꿍
맛녀석,서울,관악구,까꿍돼지사당삼겹살,냉동삼겹살
맛녀석,경기,성남시,화수목,스키야키
맛녀석,서울,서대문구,야바이,오코노미야키
맛녀석,서울,광진구,개미집,불낙전골
맛녀석,서울,종로구,순라길,홍어삼합
맛녀석,서울,강서구,등촌최월선칼국수,버섯매운탕
맛녀석,서울,서초구,도셰프,화덕피자
맛녀석,서울,강남구,현대기사식당,북어탕
맛녀석,서울,동대문구,먹깨비,꽃게범벅
맛녀석,서울,강남구,무등산,육회비빔밥
맛녀석,서울,강남구,포브라더스,월남쌈
맛녀석,서울,용산구,드래곤힐스파,찜질방음식
맛녀석,경기,의정부시,정통부대고기,부대볶음
맛녀석,서울,광진구,건대통골뱅이,골뱅이탕
맛녀석,경기,의왕시,청운누룽지백숙 본점,누룽지닭백숙
맛녀석,서울,강남구,그릭슈바인,슈바이네학센
맛녀석,전남,완도군,수협회센터,회3종
맛녀석,전남,완도군,일억조식당,전복미역국
맛녀석,경기,양평군,두메향기산,산나물비빔밥
맛녀석,경기,남양주시,매봉골황제능이버섯,해신탕
맛녀석,경기,김포시,진흥관,짜장면&탕수육
맛녀석,전남,순천시,순천만가든,짱뚱어전골
맛녀석,전남,강진군,남문식당,남도한정식
맛녀석,경기,안성시,보리네생고깃간,육우
맛녀석,서울,노원구,소문난멸치국수,잔치국수
맛녀석,서울,은평구,원조양평해장국 직영점,양평해장국
맛녀석,서울,중구,뿌자,인도 커리
맛녀석,서울,용산구,코레아노스,멕시코 타코
맛녀석,서울,종로구,조선김밥,김밥(전국팔도김밥)
맛녀석,서울,관악구,진순자김밥 봉천본점,김밥(전국팔도김밥)
맛녀석,강원,속초시,최대섭대박김밥 속초본점,김밥(전국팔도김밥)
맛녀석,전북,전주시,오선모옛날김밥,김밥(전국팔도김밥)
맛녀석,경북,경주시,교리김밥 본점,김밥(전국팔도김밥)
맛녀석,부산,영도구,영도해녀촌,김밥(전국팔도김밥)
맛녀석,제주특별자치도,서귀포시,오는정김밥,김밥(전국팔도김밥)
맛녀석,제주특별자치도,서귀포시,우정회센터 2호점,김밥(전국팔도김밥)
맛녀석,서울,강서구,장하촌,짜장면(당구장 먹방)
맛녀석,서울,은평구,항아리홍어,민어
맛녀석,서울,서초구,박달재자연식당,흑염소
맛녀석,서울,마포구,만복기사식당,김치찌개&고추장불고기
맛녀석,강원,춘천시,명가막국수,막국수&감자전
맛녀석,서울,강남구,개화옥,김치말이국수
맛녀석,서울,서초구,텍사스데브라질,슈하스코
맛녀석,서울,서대문구,한옥집,김치찌개
맛녀석,서울,종로구,우정낙지,낙지볶음
맛녀석,서울,서초구,팔팔민물장어,장어구이
맛녀석,강원,춘천시,샘밭막국수,막국수
맛녀석,강원,춘천시,원조숯불닭불고기집,숯불닭갈비
맛녀석,대전,중구,진로집,두부두루치기
맛녀석,강원,속초시,사돈집,물곰탕
맛녀석,경남,김해시,대동할매국수,구포국수
맛녀석,경남,김해시,김정식의삼일뒷고기,뒷고기
맛녀석,부산,해운대구,해운대속씨원한대구탕 해운대점,대구탕
맛녀석,서울,서대문구,시오 연희본점,일본가정식
맛녀석,서울,중구,샤이바나 광화문점,미국가정식
맛녀석,강원,인제군,백담황태구이,황태구이 정식
맛녀석,강원,인제군,자작나무집,잡어매운탕
맛녀석,서울,종로구,메이탄 종로점,양장피
맛녀석,서울,송파구,미타우동,우동
맛녀석,서울,종로구,도마 인사점,흑돼지 샤브샤브
맛녀석,서울,금천구,텐마루 가산점,창코나베
맛녀석,서울,서대문구,라화쿵부 신촌점,마라샹궈
맛녀석,서울,서초구,소백산 양재별관,소갈비탕
맛녀석,서울,광진구,황소곱창 건대본점,소곱창
맛녀석,경기,김포시,박승광 최강해물손칼국수 본점,해물손칼국수
맛녀석,경기,김포시,큰손참붕어찜,붕어찜
맛녀석,서울,서초구,봉산옥 서초동본점,만두국
맛녀석,서울,용산구,가람떡갈비,떡갈비
맛녀석,서울,마포구,어메이징타일랜드,태국 음식
맛녀석,경기,성남시,찌마기 본점,조개찜
맛녀석,서울,강남구,서경도락 논현본점,직화소불고기
맛녀석,서울,강남구,사람사는고깃집 김일도 신논현점,숙성돼지고기
맛녀석,서울,영등포구,하롱베이의하루 여의도본점,쌀국수
맛녀석,서울,마포구,철길왕갈비살,양념 소갈비살
맛녀석,서울,마포구,한강껍데기,돼지껍데기
맛녀석,서울,강남구,김북순큰남비집 신사본점,김치찌개
맛녀석,인천,남동구,부암갈비,생돼지갈비
맛녀석,경기,고양시,별미진미,게장
맛녀석,서울,중구,신당동 마복림떡볶이집,즉석떡볶이
맛녀석,서울,동대문구,나정순할매쭈꾸미,주꾸미볶음
맛녀석,서울,송파구,주은감자탕,감자탕
맛녀석,서울,광진구,고향양꼬치,양고기
맛녀석,서울,강남구,시추안하우스 삼성점,사천요리
맛녀석,서울,은평구,속초생선찜 연신내점,속초식 생선찜
맛녀석,서울,종로구,전주식당,생선구이
맛녀석,서울,송파구,도토리편백집 문정법조단지점,편백찜
맛녀석,서울,강남구,자연석돌구이,대패삼겹살
맛녀석,서울,중구,원조남산왕돈까스,왕돈가스
맛녀석,제주특별자치도,서귀포시,춘심이네 본점,갈치구이
맛녀석,경기,김포시,봉구네고기집 김포본점,소돼지 직화구이
맛녀석,경남,통영시,뚱보할매김밥집,충무김밥
맛녀석,경남,통영시,울산다찌,다찌
맛녀석,서울,노원구,채선당 수락산점,삼계 샤브샤브
맛녀석,경기,시흥시,왕대통수라찜,대통찜
맛녀석,서울,용산구,트로이카,러시아 음식
맛녀석,경기,남양주시,팔당초계국수 본점,초계국수
맛녀석,경기,하남시,털보네바베큐 미사동본점,장어참나무직화구이
맛녀석,서울,강남구,봉족발,이색 족발
맛녀석,서울,강남구,아카라,로바다야끼
맛녀석,서울,용산구,꾸띠자르당,프랑스 요리
맛녀석,경기,평택시,사보르페루아노,페루 요리
맛녀석,경기,평택시,라카사,멕시코 요리
맛녀석,서울,강남구,진대감 선릉점,차돌삼합
맛녀석,서울,영등포구,삼거리먼지막순대국,순대국
맛녀석,서울,중구,두툼,목살
맛녀석,서울,종로구,와글와글족발,족발
맛녀석,서울,강남구,정돈프리미엄,안심
맛녀석,서울,마포구,용마루굴다리껍데기,꼬리구이
맛녀석,서울,종로구,이문설농탕,설렁탕
맛녀석,서울,중구,용금옥,추탕
맛녀석,경기,수원시,박군자진주냉면 수원본점,진주냉면
맛녀석,서울,동대문구,은하곱창,돼지곱창전골
맛녀석,경기,고양시,윤선희평양냉면양각도,어복쟁반
맛녀석,서울,강남구,피양콩할마니 본점,비지찌개
맛녀석,서울,노원구,용순가재골수제비,수제비
맛녀석,서울,종로구,삼각산머루집,도토리묵
맛녀석,경기,광주시,애마오리 본점,오리로스
맛녀석,서울,강남구,차호랑,홍합밥정식
맛녀석,경기,수원시,골목집,묵은지찜
맛녀석,서울,강북구,제일분식,떡볶이&분식
맛녀석,경기,동두천시,핫피자앤버거,피자
맛녀석,서울,용산구,야고만두 이태원점,만두
맛녀석,경기,남양주시,동동국수집,육개장칼국수
맛녀석,서울,동대문구,늘봄해물찜손칼국수 답십리본점,해물찜
맛녀석,충남,논산시,강경해물칼국수,해물칼국수
맛녀석,충남,홍성군,내당한우,한우
맛녀석,인천,연수구,피에프창 송도트리플스트리트점,미국식 중국요리
맛녀석,경기,이천시,류재열의 명품코다리찜 송정점,참게탕
맛녀석,서울,강남구,홈수끼 학동점,샤브샤브 코스요리
맛녀석,경기,파주시,오두산막국수 본점,빈대떡
맛녀석,경기,의정부시,허기숙할머니 원조오뎅식당 의정부본점,부대찌개
맛녀석,경기,화성시,생아구한마리,아귀회
맛녀석,경기,화성시,해장촌,해장국
맛녀석,경기,안성시,마로니에,경양식
맛녀석,경남,고성군,수양식당,회백반정식
맛녀석,경남,통영시,통영다찌,통영밥상
맛녀석,서울,종로구,원조원할매소문난닭한마리,닭한마리
맛녀석,서울,관악구,또순이순대 본점,백순대볶음
맛녀석,서울,서초구,시골야채된장전문점,된장찌개
맛녀석,서울,용산구,24시뼈다귀감자탕,뼈찜
맛녀석,경기,안산시,삼수갑산,쌈밥
맛녀석,서울,광진구,사대분식,덮밥
맛녀석,서울,송파구,풍납닭내장탕,닭내장탕
맛녀석,서울,강남구,송쉐프,유린기&깐풍기
맛녀석,서울,강남구,꼬끄더그릴,닭 목살구이
맛녀석,서울,은평구,빅토리아,등갈비김치찜
맛녀석,서울,마포구,달짜국수,동치미국수
맛녀석,전북,전주시,고궁 전주본점,전주비빔밥
맛녀석,광주,광산구,화정떡갈비,광주떡갈비
맛녀석,광주,북구,영미오리탕,오리탕
맛녀석,서울,용산구,더백푸드트럭,미국식버거
맛녀석,서울,강남구,볼트스테이크하우스,미국식스테이크
맛녀석,충남,천안시,청화집,병천순대
맛녀석,경기,수원시,본수원갈비 수원점,수원왕갈비
맛녀석,경기,고양시,옥합,콩국수
맛녀석,서울,강동구,강동해물찜해천탕,해천탕
맛녀석,강원,춘천시,춘천통나무집닭갈비,닭갈비
맛녀석,경기,포천시,갈비1987,이동갈비
맛녀석,경기,부천시,정글애갑오징어,갑오징어볶음
맛녀석,서울,강서구,원조수구레,수구레볶음
맛녀석,경기,광주시,초월보리밥 수양점,보리밥
맛녀석,서울,마포구,도꼭지,무쇠솥밥
맛녀석,강원,홍천군,양지말화로구이,고추장삼겹살
맛녀석,강원,양양군,양양터미널기사님식당,기사식당
맛녀석,전남,목포시,하당먹거리,낙지탕탕이
맛녀석,전남,목포시,미락,병어찜
맛녀석,경남,하동군,동흥재첩국,재첩
맛녀석,경남,하동군,설송,은어
맛녀석,서울,양천구,더아리엘 목동점,뷔페
맛녀석,서울,종로구,진성옛날소머리국밥,소머리국밥&수육
맛녀석,서울,영등포구,길풍식당,소꼬리탕&꼬리찜
맛녀석,서울,중구,송죽,죽
맛녀석,서울,강남구,옛향기가득한 동인동 신사본점,매운소갈비찜
맛녀석,서울,강남구,일일향 1호점,중식
맛녀석,대전,유성구,원조태평소국밥,소국밥
맛녀석,대전,동구,오씨칼국수,칼국수
맛녀석,서울,중구,유가,중국요리
맛녀석,서울,중구,중림장,설렁탕
맛녀석,강원,강릉시,동화가든,초당순두부
맛녀석,강원,강릉시,현대장칼국수,장칼국수
맛녀석,충남,태안군,대한회센터,대하
맛녀석,충남,태안군,원조뚝배기식당,게국지
맛녀석,서울,송파구,주은감자탕,감자탕
맛녀석,서울,광진구,고기대통령 본점,고기뷔페
맛녀석,경남,남해군,우리식당,멸치쌈밥
맛녀석,경남,남해군,완벽한인생브루어리,독일음식
맛녀석,강원,철원군,내대막국수,막국수
맛녀석,강원,철원군,솔향기,손만두전골
맛녀석,서울,용산구,시장회집,알탕&알찜
맛녀석,서울,중구,속초생태집,도루묵
맛녀석,강원,고성군,동해반점 3호점,중화요리
맛녀석,강원,양양군,광주빛고을식당,물곰탕
맛녀석,충북,옥천군,생선국수찐한식당,생선국수&도리뱅뱅이
맛녀석,충남,천안시,태조석갈비,석갈비
맛녀석,서울,성동구,미정이네식당 2호점,코다리찜
맛녀석,경기,안양시,굴따세,굴요리
맛녀석,경기,광명시,듀드팡,털레기수제비
맛녀석,서울,마포구,주막,보리밥
맛녀석,서울,마포구,오성닭한마리,닭한마리
맛녀석,서울,강남구,해몽,등갈비
맛녀석,서울,성동구,다로베 서울숲점,이태리 요리
맛녀석,서울,강남구,봉산집,차돌박이
맛녀석,서울,종로구,청진옥 본점,해장국
맛녀석,서울,용산구,잠수교집 2호점,냉동삼겹살
맛녀석,전북,군산시,새만금횟집,박대 요리
맛녀석,전북,군산시,빈해원,중국 요리
맛녀석,서울,강남구,진미평양냉면,평양냉면X불고기
맛녀석,서울,강남구,남도음식토말 본점,남도음식
맛녀석,서울,동작구,다래식당,주물럭청국장
맛녀석,서울,서초구,락희옥 서초교대역점,한식요리
맛녀석,서울,서초구,반포치킨,치킨
맛녀석,인천,중구,잉글랜드왕돈까스,돈가스
맛녀석,서울,마포구,평이담백뼈칼국수,뼈칼국수
맛녀석,서울,중구,부산복집,복불고기
맛녀석,서울,마포구,연남서식당,서서 먹는 갈비
맛녀석,서울,강서구,신촌기사식당,불꽃백반
맛녀석,서울,중구,사랑방칼국수,백숙백반
맛녀석,경기,남양주시,천마산곰탕,곰탕
맛녀석,서울,강동구,초롱이고모부대찌개,부대찌개
맛녀석,경기,여주시,보배네집,콩국수X만두
맛녀석,경기,성남시,그래니살룬,미트볼
맛녀석,경기,성남시,돈사랑,묵은지김치찌개
맛녀석,서울,용산구,문오리,오리전골
맛녀석,서울,마포구,청어람 본점,곱창전골
맛녀석,서울,종로구,자하손만두,만두전골
맛녀석,서울,강남구,마담밍 선릉점,냉짬뽕
맛녀석,경기,고양시,오향선 신관,냉채족발
맛녀석,서울,마포구,발리인망원,인도네시아 음식
맛녀석,서울,종로구,라스위스,스위스 음식
맛녀석,서울,강남구,팀호완 삼성점,차슈바오 번
맛녀석,서울,종로구,따빠마드레,홍콩 음식
맛녀석,경기,고양시,능곡할머니북어탕 본1호점,북어탕
맛녀석,경기,파주시,대장군집,부속구이
맛녀석,경기,수원시,오리대가,오리진흙구이
맛녀석,서울,강남구,뱃고동,오징어요리
맛녀석,경기,안산시,사마르칸트,우즈베키스탄 음식
맛녀석,경기,안산시,솔티인도네팔음식점,네팔 음식
맛녀석,서울,종로구,할매집,뼈해장국
맛녀석,서울,관악구,논밭골 봉천점,갈비탕
맛녀석,서울,용산구,양인환대 신용산점,양갈비
맛녀석,전남,해남군,바다동산,삼치 코스요리
맛녀석,전남,해남군,진솔통닭,닭 코스요리
맛녀석,전남,영암군,독천식당,갈낙탕
맛녀석,전남,영암군,양지가든,짱뚱어탕
맛녀석,서울,종로구,서촌통영,굴국밥
맛녀석,경기,고양시,원당쇠고기국밥,소고기국밥
맛녀석,경북,상주시,고려분식,분식
맛녀석,대전,유성구,산밑할머니,묵밥
맛녀석,강원,속초시,속초동명항게찜,대게찜
맛녀석,부산,해운대구,한량,꼬치구이
맛녀석,제주,서귀포시,한라국수,고기국수
맛녀석,서울,강남구,서울 설로인,한우 오마카세
맛녀석,서울,서대문구,홍리마라탕,마라국수
맛녀석,서울,강서구,원조동글갈비,돼지갈비
맛녀석,서울,중구,새봄떡국국수,떡국
맛녀석,경기,의왕시,임학순전통웰빙파김치강화갯벌장어민물장어,파김치장어전골
맛녀석,서울,종로구,오레노라멘 인사점,라멘
맛녀석,서울,중구,원조남원닭발,닭발
맛녀석,전북,군산시,한일옥,소고기뭇국
맛녀석,인천,중구,신성루,중국요리
맛녀석,강원,홍천군,팜파스휴게소,휴게소 음식
맛녀석,서울,종로구,홍천막장시래기국밥,시래깃국
맛녀석,서울,중구,서울 을지분식,즉석떡볶이
맛녀석,인천,미추홀구,석바위토스트,토스트
맛녀석,경기,여주시,두메촌,여주쌀밥
맛녀석,경기,양평군,용문원조 능이버섯국밥,버섯전골
맛녀석,서울,마포구,옥동식,돼지곰탕
맛녀석,경북,상주시,명실상감한우 홍보테마타운점,한우탕
맛녀석,서울,마포구,리치몬드과자점 성산본점,빵(슈크림빵 밤식빵) 
맛녀석,서울,성북구,나폴레옹제과점 본점,빵 (샐러드빵 크림빵 생크림빵)
맛녀석,경기,파주시,류재은베이커리 본점,빵(마늘빵 파네토네)
맛녀석,강원,춘천시,대원당,빵(생크림슈 구로맘모스빵)
맛녀석,대전,중구,성심당,빵(튀김소보로 판타롱부추빵)
맛녀석,광주,동구,궁전제과 충장본점,빵(공룡알빵 나비파이)
맛녀석,전남,목포시,씨엘비베이커리 명륜동본점,빵(크림치즈바게트 새우바게트)
맛녀석,부산,중구,비엔씨 광복본점,빵(샐러드빵 파이만주) 
맛녀석,경북,안동시,맘모스베이커리,빵(크림치즈빵 유자파운드빵)
맛녀석,전북,군산시,이성당,빵(단팥빵 채소빵)
맛녀석,서울,마포구,오복가정식,가정식백반
맛녀석,서울,강남구,청담골,가정식백반
맛녀석,서울,용산구,해피홈레스토랑,나이지리아 요리
맛녀석,충남,당진시,서유기짬뽕,짜장면(쟁반짜장) 
맛녀석,서울,종로구,금문,짜장면(삼선간짜장)
맛녀석,강원,원주시,미소손짜장,짜장면(수타짜장) 
맛녀석,대구,중구,천안성,짜장면(유니짜장)
맛녀석,제주특별자치도,제주시,천금반점,짬뽕(해물짬뽕) 
맛녀석,서울,성북구,공푸,짬뽕(차돌짬뽕)
맛녀석,경기,의왕시,황제짬뽕,짬뽕(얼큰짬뽕) 
맛녀석,전북,익산시,소룡각,짬뽕(해장짬뽕)
맛녀석,강원,속초시,진양횟집,속초 특집(물회 오징어순대)
맛녀석,강원,속초시,속초대게나라홍게마을,속초 특집(킹크랩)
맛녀석,경기,양평군,옥천냉면황해식당,물냉면
맛녀석,대전,유성구,숯골원냉면 본점,물냉면
맛녀석,대구,중구,부산안면옥,물냉면
맛녀석,인천,미추홀구,백령면옥,물냉면
맛녀석,서울,송파구,해주냉면,비빔냉면
맛녀석,강원,고성군,40년전통오미냉면,비빔냉면
맛녀석,전남,목포시,소래기,비빔냉면
맛녀석,충남,아산시,종가면옥,비빔냉면
맛녀석,경기,수원시,이라면,라면
맛녀석,경기,의정부시,빨간세상라면학교,라면
맛녀석,서울,종로구,라면점빵,라면
맛녀석,경기,용인시,일호점미역,미역국
맛녀석,서울,강남구,평방옥,전지적 먹방 시점1(설렁탕)
맛녀석,서울,중구,32파르페,전지적 먹방 시점1(소프트아이스크림)
맛녀석,서울,강남구,무공돈까스,전지적 먹방 시점2(돈까스)
맛녀석,서울,마포구,망원시장,전지적 먹방 시점2(길거리음식)
맛녀석,서울,마포구,스타일난다 핑크풀카페 홍대점,전지적 먹방 시점2(케이크)
맛녀석,강원,속초시,속초우리왕만두,만두
맛녀석,강원,속초시,속초에살다,디저트
맛녀석,경기,고양시,참마루한식보리밥부페,한식뷔페
맛녀석,서울,강서구,삼정집,한우케이크
맛녀석,전남,구례군,당치민박산장,삼시몇끼 구례편(산닭구이)
맛녀석,전남,여수시,청정게장촌,택배맛집(여수 갈치조림)
맛녀석,제주,제주시,김희선제주몸국,택배맛집(제주 몸국)
맛녀석,강원,춘천시,카페감자밭 본점,택배맛집(감자빵)
맛녀석,경남,의령군,남산떡방앗간,택배맛집(망개떡)
맛녀석,경기,파주시,단골집,택배맛집(돼지갈비)
맛녀석,전남,장흥군,한사랑한우식당,택배맛집(한우삼합)
맛녀석,부산,중구,깡통골목할매 유부전골 본점,택배맛집(유부전골)
맛녀석,부산,서구,원조18번완당,택배맛집(완당)
맛녀석,강원,동해시,오부자냄비물회,택배맛집(물회)
맛녀석,전남,순천시,화월당,택배맛집(볼카스테라)
맛녀석,서울,중구,은주정,택배맛집(김찌찌개&쫄면)
맛녀석,경기,성남시,사랑이네 연탄불생선구이,택배맛집(생선구이)
맛녀석,서울,용산구,쟈니덤플링,택배맛집(군만두&물만두)
맛녀석,서울,동작구,시간을 들이다,택배맛집(크루아상)
맛녀석,인천,남동구,정자담,택배맛집(꽃문어해신탕)
맛녀석,서울,마포구,경기떡집,택배맛집(이북식인절미)
맛녀석,경기,용인시,터알,택배맛집(찜닭)
맛녀석,서울,강남구,호원당,택배맛집(두텁떡)
맛녀석,서울,종로구,찬양집,시청자추천칼국수맛집(해물칼국수)
맛녀석,경기,시흥시,서운칼국수,시청자추천칼국수맛집(멸치칼국수)
맛녀석,경기,파주시,언칼국수,시청자추천칼국수맛집(얼큰칼국수)
맛녀석,대구,수성구,조조칼국수,시청자추천칼국수맛집(동죽칼국수)
맛녀석,충남,공주시,유가네칼국수,시청자추천칼국수맛집(복칼국수&수육)
맛녀석,서울,중구,명동교자,시청자추천칼국수맛집(완당칼국수)
맛녀석,대전,서구,대선칼국수,시청자추천칼국수맛집(비빔칼국수&수육)
맛녀석,경기,양주시,밀밭칼국수,시청자추천칼국수맛집(바지락칼국수)
맛녀석,인천,미추홀구,풍전식당,육개장&차돌박이
맛녀석,서울,용산구,더보일러스,미국식바비큐
맛녀석,인천,강화군,외내골가든,낯선음식특집(젖국갈비)
맛녀석,서울,종로구,박순례손말이고기산정집 광화문점,낯선음식특집(고기말이)
맛녀석,충남,홍성군,남당리수산,새조개 샤부샤부
맛녀석,충남,홍성군,삽다리곱창,돼지곱창구이
맛녀석,충남,논산시,황산옥,활복찌개&웅어회
맛녀석,경기,안성시,안일옥 본점,안성장터국밥&설렁탕
맛녀석,강원,양구군,백토미가,시래기요리
맛녀석,강원,양구군,대월오골계숯불구이,오골계숯불구이&백숙
맛녀석,서울,영등포구,영일분식,비빔국수
맛녀석,서울,중구,목멱산방,비빔밥
맛녀석,서울,종로구,북촌김치재,김치올드보이특집(김치요리)
맛녀석,서울,중구,이북만두,김치올드보이특집(김치요리)
맛녀석,서울,서초구,베트남이랑,베트남음식
맛녀석,서울,송파구,돈탐라제주냉삼1977,냉동삼겹살
맛녀석,경기,고양시,싹쓰리솥뚜껑김치삼겹살,솥뚜껑 삼겹살
맛녀석,서울,동대문구,광주식당,청국장
맛녀석,서울,은평구,이가네가마솥설렁탕,모둠수육
맛녀석,서울,광진구,남한강민물매운탕,민물매운탕
맛녀석,서울,영등포구,진진만두국,만둣국
맛녀석,경기,하남시,주양돈까스나라,돈까스
맛녀석,경북,의성군,의성마늘소덕향,마늘소
맛녀석,경북,의성군,할매닭발,닭발구이
맛녀석,경기,파주시,할머니묵집,도토리묵요리
맛녀석,서울,은평구,가야밀냉면해물칼국수,밀면
맛녀석,경기,포천시,옹기골만찬쌈밥,쌈밥
맛녀석,경기,포천시,향유갈비,이동갈비
맛녀석,서울,종로구,르블란서,프랑스가정식
맛녀석,서울,종로구,온,디저트
맛녀석,서울,종로구,대전블르스,실비김치
맛녀석,서울,영등포구,장원북어국,명태만상(북엇국)
맛녀석,서울,강동구,코다리만찬,명태만상(코다리찜)
맛녀석,서울,강남구,고향집,명태만상(황태구이)
맛녀석,서울,종로구,안성또순이,명태만상(생태찌개)
맛녀석,충북,충주시,천등산염소마을,흑염소고기
맛녀석,경기,평택시,나귀당귀,당나귀고기
맛녀석,부산,동구,장성향,영화 속 맛집(군만두)
맛녀석,부산,동래구,칠백장장인국밥,영화 속 맛집(고추장불고기)
맛녀석,서울,마포구,코브라파스타클럽,피자&파스타
맛녀석,서울,마포구,산청엔흑돼지,흑돼지&김치찜
맛녀석,서울,성북구,유자유김치떡볶이,김치떡볶이
맛녀석,서울,강남구,김선생조개찜,조갈찜
맛녀석,경기,평택시,숯고개부대찌개,송탄부대찌개
맛녀석,경기,평택시,메인스트리트,디저트(빵&쿠키&셰이크)
맛녀석,경기,평택시,군계폐계닭,폐계닭
맛녀석,서울,용산구,몽탄,우대갈비
맛녀석,서울,강남구,까폼,태국요리
맛녀석,경기,고양시,김가방양꼬치,양다리통구이
맛녀석,인천,계양구,황금곱창,소곱창구이
맛녀석,경북,구미시,목마식당,석쇠불고기
맛녀석,경북,구미시,신상철선산곱창,선산곱창전골
맛녀석,대구,중구,낙영찜갈비 본점,찜갈비
맛녀석,대구,중구,남도횟집,무침회
맛녀석,경남,하동군,나폴리,화덕피자&돈까스
맛녀석,강원,속초시,요기국수김밥,골뱅이비빔국수&김밥
맛녀석,서울,강남구,하루방,충무김밥&던지기탕&찹쌀옹심이
맛녀석,부산,연제구,갈맷길장어,장어구이&장어탕
맛녀석,대전,중구,샘골식당,청국장&가마솥닭볶음탕
맛녀석,경북,고령군,소문난할매국밥집,돼지국밥&모듬수육
맛녀석,서울,중랑구,가나점보돈까스,돈까스&제육비빔밥&쫄면&볶음밥
맛녀석,서울,중랑구,면동떡볶이,짜장떡볶이&꼬마김밥
맛녀석,서울,서대문구,연희곰탕,곰탕
맛녀석,서울,서대문구,녹원쌈밥,쌈밥
맛녀석,서울,용산구,1842,체코음식
맛녀석,서울,용산구,모로코코카페,모로코음식
맛녀석,서울,강남구,영천영화,육회비빔밥
맛녀석,서울,종로구,토속칼국수,사골칼국수
맛녀석,제주,애월읍,제주광해애월,갈치구이&갈치조림
맛녀석,제주,애월읍,애월빵공장앤카페,빵&에이드
맛녀석,제주,노형동,숙성도,숙성흑돼지
맛녀석,제주,연동,앞뱅디식당,각재기국&각재기조림
맛녀석,제주,오라이동,제주도감,접짝뼈국&돔베고기
맛녀석,서울,서초구,3대삼계장인,삼계탕&닭복음탕
맛녀석,서울,용산구,산마루돌구이,산낙지돌구이
맛녀석,경기,파주시,통일동산두부마을,장단콩청국장&비지찌개
맛녀석,경기,파주시,업스테어키친,파스타&스테이크
맛녀석,서울,마포구,군산찜,아귀찜
맛녀석,경기,성남시,행하령수제비,수제비
맛녀석,서울,마포구,조박집,돼지갈비
맛녀석,서울,중구,원흥,짬뽕&고기튀김
맛녀석,서울,은평구,서부감자국,감자국
맛녀석,경기,구리시,어랑추,고등어김치찜
맛녀석,인천,연수구,송도콩나물해장국밥,콩나물국밥
맛녀석,서울,용산구,한강회관,소불고기
맛녀석,경기,가평군,솥뚜껑닭볶음탕,솥뚜껑닭볶음탕
맛녀석,서울,광진구,할매복집,복맑은탕(복지리)
맛녀석,서울,성북구,성북동면옥집,소갈비찜
맛녀석,서울,강남구,강남보물섬,대방어회
맛녀석,인천,중구,서해안조개광장,조개구이
맛녀석,경기,시흥시,보리굴비마을,보리굴비
맛녀석,서울,동대문구,일미간장게장,간장게장
맛녀석,서울,마포구,감나무집기사식당,배달음식(돼지불백+한식)
맛녀석,서울,서대문구,에그드랍 가재울뉴타운점,배달음식(달걀샌드위치)
맛녀석,서울,서대문구,배떡 북가좌점,배달음식(떡볶이)
맛녀석,서울,마포구,살롱 드 상상,배달음식(프랑스요리)
맛녀석,서울,마포구,미분당 합정점,배달음식(베트남쌀국수)
맛녀석,서울,서대문구,라온아토,배달음식(수제 먹거리)
맛녀석,서울,마포구,모센즈스위트,배달음식(중동 디저트)
맛녀석,대전,유성구,청주해장국 유성본점,해장국
맛녀석,대전,유성구,오시오칼국수,칼국수
맛녀석,서울,마포구,온블랙94,대왕 스테이크
맛녀석,서울,양천구,먹자대게,킹크랩
맛녀석,서울,중구,희락갈치,갈치조림
맛녀석,서울,중구,성원식품,LA갈비
맛녀석,경기,김포시,갈비본질프리미엄,돼지생갈비
맛녀석,경기,용인시,만수정,장어구이
맛녀석,서울,마포구,소문난쭈꾸미,주꾸미샤부샤부
맛녀석,서울,강남구,명정루 선릉본점,중국요리
맛녀석,서울,강남구,압구정진주,삼겹살
맛녀석,경기,하남시,동경주산채집,산채비빔밥
맛녀석,서울,중구,충무집,도다리쑥국
맛녀석,서울,종로구,이문설렁탕,설렁탕
맛녀석,경기,고양시,모녀반찬,도시락
맛녀석,경기,이천시,보림숯불갈비,한우등심
맛녀석,서울,중구,오는정,쪽갈비
맛녀석,서울,강동구,개수리막국수 ,막국수
맛녀석,서울,마포구,죠티레스토랑,인도커리
맛녀석,서울,강남구,단스시,회전초밥
맛녀석,서울,강남구,더청담한우,육회
맛녀석,인천,중구,을항,물회
맛녀석,서울,마포구,단디,대창덮밥
맛녀석,서울,마포구,포썸,갈비쌀국수
맛녀석,충남,보령시,회정식어랑어랑,간자미 요리
맛녀석,충남,보령시,오천항수산물판매센터 2호점,키조개 요리
맛녀석,서울,강동구,인정원월남쌈,월남쌈
맛녀석,서울,광진구,봉자마라탕,경장육사
맛녀석,경기,이천시,임금님쌀밥집,이천쌀밥정식
맛녀석,서울,종로구,일미식당,가정식 백반
맛녀석,전남,영광군,갯마을횟집,백합요리
맛녀석,전남,영광군,민속촌 영광점,청보리 한우
맛녀석,서울,중구,메이드인시카고피자,시카고피자&오븐스파게티
맛녀석,서울,강남구,버거샵,햄버거&감자튀김
맛녀석,경기,파주시,정미식당,부대찌개
맛녀석,경기,파주시,칼라디소토,커피&디저트
맛녀석,경기,파주시,출렁다리 쌈밥,쌈밥
맛녀석,서울,성동구,오스테리아 쟌니,뇨끼
맛녀석,서울,서초구,멘야하나비 신사점,마제소바
맛녀석,경기,가평군,온정리 닭갈비 금강막국수,숯불닭갈비
맛녀석,경기,가평군,율림동산,김치찌개
맛녀석,서울,영등포구,족발신선생,화덕구이족발
맛녀석,인천,중구,선미정,우족탕
맛녀석,경북,안동시,안동신세계찜닭,안동찜닭
맛녀석,경북,안동시,무주무손국수,안동국시
맛녀석,서울,성북구,빙수야,딸기빙수&떡볶이&튀김
맛녀석,서울,용산구,일미집,감자탕&라면
맛녀석,서울,영등포구,사대부집 곳간,전복갈비찜&한식뷔페
맛녀석,서울,서초구,더리버,양식 코스(한강뷰)
맛녀석,서울,종로구,능금산장,오리주물럭&해물부추전
맛녀석,인천,연수구,수블라키아,그리스음식
맛녀석,인천,연수구,할머니즉석떡볶이,즉석떡볶이
맛녀석,인천,중구,크레플,크레이프&크레페
맛녀석,인천,부평구,모모주먹밥,주먹밥&돈까스&라면
맛녀석,인천,부평구,갸또드레브,프랑스 디저트
맛녀석,인천,중구,메콩사롱,팟타이&나시고랭&쌀국수
맛녀석,강원,평창군,샘터감자옹심이,감자옹심이&메밀칼국수
맛녀석,강원,강릉시,고선생 화덕생선구이,화덕생선구이&오징어먹물솥밥
맛녀석,서울,강남구,스킬렛 스테이크하우스,육우 티본 스테이크
맛녀석,서울,마포구,고토히라우동,족타 새우튀김우동&해물우동 등
골목식당,서울,동대문구,미식본좌,토마토치즈고기덮밥&따그면
골목식당,서울,동대문구,뚝닭,치킨라이스
골목식당,서울,동대문구,해마루,마늘종고기치즈밥
골목식당,강원,철원군,전주꺼꾸로콩나물국밥,콩나물국밥
골목식당,강원,철원군,소풍on주꾸미,주꾸미볶음
골목식당,강원,철원군,우리집칼국수,전골칼국수
골목식당,제주,제주시,금악 똣똣라면,라면
골목식당,제주,제주시,아니따,흑돼지라구파스타&감태페스토파스타
골목식당,제주,제주시,꿀봉,한라봉강정&허니치즈강정&커민칠리강정
골목식당,제주,제주시,치꼬,까르니따스타코
골목식당,경기,하남시,하늘사다리,돈가스김밥&묵땡김밥
골목식당,경기,하남시,문쉐프의고기국수,고기국수
골목식당,경기,하남시,춘천명동닭갈비,닭갈비&로제닭갈비
골목식당,경기,고양시,온테이블,페퍼로니아라비아따&영양부추까르보나라&우삼겹깻잎크림파스타
골목식당,경기,고양시,밥하기싫은날,똠얌꿍쌀국수
골목식당,경기,고양시,정담아구,아귀찜
골목식당,경기,부천시,JOHN312,고미야미
골목식당,경기,부천시,버거스타일,원시버거&근대버거&현대버거
골목식당,경기,부천시,미소짓는돈까's집,수제등심돈가스
골목식당,서울,구로구,우리옛날통닭,통닭&똥집튀김&닭껍질튀김
골목식당,서울,구로구,병규네부대찌개,부대찌개
골목식당,서울,구로구,옹기종기 감자옹심이,감자옹심이&메밀물막국수&메밀비빔막국수
골목식당,서울,강동구,호야네철판닭갈비,닭갈비
골목식당,서울,강동구,킹콩파스타,알리오올리오&포모도로&차돌크림파스타
골목식당,서울,강동구,재성이네 코다리찜&전골,코다리찜
골목식당,서울,강서구,띠아낭,쌀국수
골목식당,서울,강서구,미전옥,마장덮밥
골목식당,서울,강서구,추가추어탕,추어탕
골목식당,경기,성남시,밀국수,생면황태국수
골목식당,경기,성남시,윤식당,육개장
골목식당,서울,중랑구,사가정만두만,만두
골목식당,서울,중랑구,배포찌개,김치찌개
골목식당,서울,중랑구,소문난아구찜,아귀찜
골목식당,서울,동작구,은희네 온집닭떡볶이,닭떡볶이
골목식당,서울,동작구,빽찐라면,순한라면&매운라면
골목식당,서울,동작구,명동국수,소고기국수&소고기주먹밥
골목식당,서울,광진구,바삭알까스,알까스
골목식당,서울,광진구,부산어묵 중곡점,마라어묵
골목식당,서울,광진구,강희자얼큰손만두국,시래기얼큰만둣국&시래기만둣국
골목식당,서울,도봉구,스마일닭강정,닭강정
골목식당,서울,도봉구,지니 피자,지니페페피자&또노피자&치즈피자
골목식당,서울,도봉구,헬로,미트볼파스타&아란치니파스타
골목식당,경북,포항시,국수이야기,물가자미비빔국수&힘내라포항칼국수
골목식당,경북,포항시,THE 신촌's 덮죽,시소덮죽&소문덮죽
골목식당,경기,수원시,엄마사랑분식,갓김밥&고기말이&멘보사과
골목식당,경기,수원시,감동튀김,김고구마튀김&무떡볶이
골목식당,경기,수원시,영미식당,오리주물럭&돼지주물럭
골목식당,경기,군포시,군포왕족발,왕족발&모둠내장
골목식당,경기,군포시,어흥떡볶이,짜장떡볶이
골목식당,서울,노원구,경복식당,백반&제육볶음
골목식당,서울,노원구,기찻길풍경 야채곱창,야채곱창
골목식당,서울,서대문구,유진치킨 홍제점,갈비치킨
골목식당,서울,서대문구,대청마루감자탕,감자탕&돼지등뼈갈비탕
골목식당,서울,서대문구,정가네팥칼국수,팥옹심이
골목식당,경기,평택시,하우드수제돈까스,김치볶음밥
골목식당,경기,평택시,맛짱할매의 멸치국수,할매국수&김밥
골목식당,서울,성북구,정가네 지짐이,모둠전
골목식당,서울,성북구,장수식당,청국장
골목식당,서울,성북구,마몽함박,함박스테이크
골목식당,서울,강동구,봄플레이트,카레덮밥
골목식당,서울,강동구,온전히,모둠초밥
골목식당,경기,부천시,울엄마칼국시,닭칼국수
골목식당,경기,부천시,승록이네,중화풍 떡볶이&똥튀김
골목식당,경기,부천시,1983피자,롱피자
골목식당,강원,원주시,어머니손칼국수,칼국수
골목식당,강원,원주시,부리또만나,타코&부리토
골목식당,강원,원주시,예미,에비돈
골목식당,강원,원주시,미로시장 꿈,스테이크
골목식당,전남,여수시,PS파스타,갓김치파스타&정어리파스타
골목식당,전남,여수시,문어쌀롱,갓돈라면
골목식당,전남,여수시,갓몬스터,갓버거
골목식당,충남,서산시,북경반점,간짜장
골목식당,충남,서산시,추억의집밥,서산더미불고기
골목식당,충남,서산시,해미우시장,돼지곱창&곱창전골
골목식당,충남,서산시,해미호떡,마가린호떡
골목식당,충남,서산시,맛이나식당,얼큰소머리국밥&돼지찌개&실치국
골목식당,경남,거제시,쌤김밥,거미새라면&TOT김밥
골목식당,경남,거제시,풍년곤드레,코다리찜&보리밥
골목식당,경남,거제시,일운충무김밥,거제김밥
골목식당,서울,동대문구,여기가좋겠네,닭볶음탕
골목식당,서울,동대문구,고깃집도훈,갈비탕&냉동삼겹살
골목식당,서울,동대문구,17,피자
골목식당,서울,동대문구,땡스컵밥 경희대점,컵밥
골목식당,서울,용산구,오복함흥냉면,온면
골목식당,서울,용산구,버거인,햄버거
골목식당,서울,서대문구,포방식당,막창&곱창찌개
골목식당,서울,서대문구,어머니와 아들,초계국수
골목식당,제주,서귀포시,연돈,돈가스&치즈돈가스
골목식당,서울,서대문구,포방터쭈꾸미,철판쭈꾸미
골목식당,서울,강동구,김여사네국수,멸치국수&멸치김밥
골목식당,서울,강동구,더짬뽕,짬뽕&탕수육
골목식당,서울,강동구,피콜로,참나물스파게티&고사리알리오올리오
골목식당,대전,동구,수제막걸리 주로,막걸리
골목식당,인천,중구,타코타마,다코야키
골목식당,인천,중구,미나상스테이크,스테이크
골목식당,인천,중구,돈돈,돈돈튀김
골목식당,인천,서구,만스김밥,꼬마김밥
골목식당,인천,중구,마카롱데이즈,마카롱
골목식당,서울,용산구,코스모스식당,카레
골목식당,서울,용산구,H5NG,볶음밥&레몬치킨&몽골리안소고기튀김
골목식당,서울,용산구,시장회집,알탕&아귀찜
골목식당,서울,마포구,마포나룻가,김치찌개&묵은지닭볶음탕
골목식당,서울,마포구,쭈꾸미랑순두부,쭈꾸미철판볶음
골목식당,서울,마포구,오 자네 왔는가,생태탕
골목식당,서울,중구,필동함박 본점,함박스테이크
골목식당,서울,중구,솜이네떡볶이,떡볶이
골목식당,서울,서대문구,소바야린,소바
골목식당,서울,서대문구,맛있는식사,제육볶음&순두부찌개&카레순두부
골목식당,서울,서대문구,가야가야,라멘
백반기행,전북,임실군,치즈밸리참나무집,치즈순두부
백반기행,전북,임실군,강남쌈밥,참게장정식
백반기행,전북,임실군,옥정호산장,민물새우탕
백반기행,전북,임실군,오수장어,장어구이
백반기행,서울,중구,옥경이네건생선,갑오징어구이&민어찜&서대조림
백반기행,서울,중구,곰국수손만두,곰국수&육전
백반기행,서울,중구,을지로전주옥,오징어불갈비찜
백반기행,서울,중구,콩나물국밥 맛있는집,콩나물국밥&감자전
백반기행,경기,하남시,털보네바베큐,삼겹살등갈비바비큐&생고기김치찌개
백반기행,경기,하남시,창모루,해물칼제비
백반기행,경기,남양주시,대문집,한우고기말이&강된장볶음밥
백반기행,경기,하남시,강변손두부,생두부&하얀순두부&빨간순두부
백반기행,대전,서구,산막골가든,흑돼지구이
백반기행,대전,대덕구,매봉식당,고기품은두부전골
백반기행,대전,유성구,한마음냉면,냉면&김치비빔
백반기행,대전,중구,고향콩나물집,콩나물밥&육회&북어찜
백반기행,광주,동구,막동이회관,생고기&토시살
백반기행,광주,북구,지도로,계절음식특선메뉴
백반기행,광주,남구,앵무동,연포탕&소고기낙지탕탕이
백반기행,광주,광산구,송정떡갈비,육회비빔밥&떡갈비
백반기행,강원,화천군,모퉁이,갈비수육&들기름젓갈비빔면
백반기행,강원,화천군,삼호가든,깨죽삼계탕
백반기행,강원,화천군,솥,콩탕&사골손만두국
백반기행,강원,화천군,낙타민박,산채비빔밥
백반기행,서울,종로구,강구미주구리,막회&백골뱅이구이&문어숙회&갈치조림
백반기행,서울,종로구,고래불수산,고등어구이&민물새우수제비&가자미튀김
백반기행,서울,종로구,다락정,녹두지짐&김치만두전골
백반기행,경남,사천시,비엔나실비,실비 한 상
백반기행,경남,사천시,한밭갈비,돼지생갈비
백반기행,경남,사천시,풍년복집,복국&복매운탕
백반기행,경남,사천시,박서방식당,백반
백반기행,충남,논산시,황산옥,우어무침&선어복탕
백반기행,충남,논산시,큰손식당,젓갈정식백반&삼겹살
백반기행,충남,부여군,삼정식당,한우파불고기&냉면
백반기행,충남,부여군,왕곰탕식당,양탕&양수육
백반기행,서울,마포구,목포낙지마을,민어회&민어맑은탕&민어찜&민어전
백반기행,서울,마포구,매향,삼선손만두&삼선군만두&북경짜장면
백반기행,서울,마포구,산해정,내장탕
백반기행,서울,마포구,맛있는밥상 차림,방아전&흑보리들기름비빔밥반상&코다리갈비
백반기행,전남,목포시,성식당,전라도떡갈비백반
백반기행,전남,목포시,무안먹거리,낙지초무침
백반기행,전남,목포시,한샘이네,병어회
백반기행,전남,목포시,청호식당,백반
백반기행,경기,파주시,오두산막국수,물막국수&녹두전&어리굴젓
백반기행,경기,파주시,원두막,닭볶음탕&파전
백반기행,경기,파주시,이북식손만두국밥,손만두국밥
백반기행,경기,파주시,메주꽃,메주꽃소반
백반기행,경기,양주시,데니스스모크하우스,바비큐
백반기행,경기,동두천시,왕방명가,오리보쌈
백반기행,경기,동두천시,소담골,자연산버섯전골&버섯전
백반기행,경기,동두천시,원조초계탕,초계탕 한 상
백반기행,충남,서천군,어항생선매운탕,꽃게찜&우럭매운탕
백반기행,충남,서천군,우리식당,아귀찜
백반기행,충남,서천군,수정냉면,물냉면&회냉면
백반기행,충남,서천군,만풍호,오징어회&오징어통찜&오징어볶음
백반기행,강원,삼척시,강화가든,등심&막장찌개
백반기행,강원,삼척시,허구한날,문어숙회 한 상
백반기행,강원,동해시,딸부자막국수,물막국수&회비빔막국수&수육
백반기행,강원,동해시,경기돌섬횟집,물회
백반기행,강원,양양군,성도횟집,참가자미
백반기행,강원,속초시,미가,황태구이정식
백반기행,강원,속초시,충주상회,오징어순대
백반기행,강원,속초시,아빠가잡아온붉은대게,대게
백반기행,강원,속초시,강동호식당,물곰탕
백반기행,경기,용인시,솔가의집,양념돼지갈비
백반기행,경기,용인시,다원맛집,만두전골&대구볼조림
백반기행,경기,용인시,한국민속촌 장터,장국밥&열무국수
백반기행,경기,용인시,김순남청국장,청국장정식
백반기행,서울,마포구,진진,멘보샤&소고기양상추쌈&칭찡우럭
백반기행,서울,마포구,밀밭정원,생두부&콩국수&들기름냉밀국수
백반기행,서울,서대문구,청안식탁,이북식닭개장&매콤닭무침
백반기행,경남,남해군,단골집,백반
백반기행,경남,남해군,화랑갈비,돼지갈비
백반기행,경남,남해군,부산횟집,물회
백반기행,경남,남해군,재두식당,멸치쌈밥&도토리묵
백반기행,서울,중구,뚱보식당,통고기&돼지껍질
백반기행,서울,중구,충무로쭈꾸미불고기,쭈꾸미&키조개관자&모듬
백반기행,서울,중구,신성식당,백반
백반기행,서울,중구,서울곰탕,수육&돼지곰탕
백반기행,경기,연천군,재인식당,율무백숙&장떡
백반기행,경기,연천군,세라비 한옥카페,율무식혜&구움찰떡
백반기행,경기,연천군,불탄소가든,섞어매운탕
백반기행,경기,연천군,모향촌손두부,두부조림&콩되비지탕
백반기행,강원,정선군,보문식당,우거지갈비탕
백반기행,강원,정선군,낙원회관,한우 특수부위&일반부위
백반기행,강원,정선군,회동집,모둠전&콧등치기&올챙이국수
백반기행,강원,정선군,윤경이네,한과&튀밥&오란다
백반기행,강원,정선군,산능이본가,곤드레밥
백반기행,전북,완주군,자연을닮은사람들,갈비구이&들깨수제비
백반기행,전북,완주군,송전산장민박,묵은지닭볶음탕
백반기행,전북,완주군,만경식당,홍어찌개백반
백반기행,서울,강북구,삼다도,아귀찜&아귀탕
백반기행,서울,종로구,능라밥상,평양냉면&감자만두
백반기행,서울,동대문구,토성옥,도가니탕&모듬수육
백반기행,서울,동대문구,브라질다방,쌍화차
백반기행,충남,공주시,청벽가든,장어구이&참게탕
백반기행,충남,공주시,전통궁중칼국수,수육&칼국수
백반기행,충남,공주시,별난주막,더덕구이정식
백반기행,충남,공주시,귀연당,곰탕
백반기행,경기,가평군,출퇴근,갈매기살&된장찌개
백반기행,경기,가평군,황보네주막,두부김치&감자전&멸치국
백반기행,경기,가평군,지중해,갈낙탕
백반기행,경기,가평군,쉐누,라클레트&뿔레빠네&꼬꼬뱅
백반기행,강원,고성군,부두식당,생선조림&도치알탕
백반기행,강원,고성군,산북소나무막국수,순메밀막국수&편육
백반기행,강원,고성군,송암현대떡방앗간,감자시루떡
백반기행,강원,고성군,베짱이 문어국밥,문어초회&문어전&문어국밥
백반기행,경기,성남시,참향,참향 오미 뼈등심&청국장찌개
백반기행,경기,의왕시,복진면,알찬 복 세트메뉴 
백반기행,경기,성남시,고미꽃시래,꽃시래 세트 한상차림
백반기행,서울,서초구,리숨두부,숨두부&콩탕
백반기행,전남,순천시,대박집,잡어회&붕장어회&물메기탕
백반기행,전남,순천시,텃밭,토종닭숯불구이
백반기행,전남,순천시,61호 명태전,명태 머리전
백반기행,전남,순천시,거시기식당,돼지고기백반
백반기행,부산,해운대구,양가네양곱창,양곱창모둠구이
백반기행,부산,해운대구,아저씨대구탕,대구탕&대구뽈찜
백반기행,부산,남구,내호냉면,물밀면&양념가오리회
백반기행,부산,동구,보림통닭,후라이드치킨
백반기행,충북,보은군,혜성정육점식당,생삼겹살&열무국수
백반기행,충북,보은군,김천식당,순대곱창전골&모둠한접시
백반기행,충북,보은군,태화루,꼬막짬뽕
백반기행,충북,보은군,신라식당,북어찌개정식
백반기행,전남,영광군,사거리식육식당,생고기&애호박찌개
백반기행,전남,영광군,중앙먹거리,영광바다한상(병어조림)
백반기행,전남,함평군,제일식당,굴비 백반
백반기행,전남,영광군,장보고굴비,굴비 유통(식당X)
백반기행,전남,영광군,영광백수식당,백합죽&백합회무침
백반기행,대구,동구,진미통닭,튀김똥집&마늘똥집
백반기행,대구,동구,일경식당,명품순대국밥&명품왕순대
백반기행,대구,동구,송림식당,뭉티기&양지머리
백반기행,대구,동구,산골기사식당,봄동전&호박전&송이순두부
백반기행,강원,태백시,현대실비식당,편육회&한우모둠&선지해장국
백반기행,강원,태백시,구와우순두부식당,순두부
백반기행,강원,태백시,김서방네닭갈비,물닭갈비
백반기행,강원,태백시,한밭식당,산나물가마솥밥
백반기행,경기,화성시,뚝방집,생고기&막창&어죽
백반기행,경기,화성시,전주토속음식점,모둠생선찜&양푼생대구탕
백반기행,경기,화성시,이화횟집,낙지전골&산낙지회
백반기행,경기,여주시,포뜰오리,포뜰정식코스&특수부위(오리)
백반기행,경기,여주시,마당집추어탕,추어탕&추어튀김
백반기행,경기,여주시,팔남매,찐빵&만두
백반기행,경기,여주시,걸구쟁이네,나물밥상
백반기행,경북,상주시,남산가든,간장석쇠구이&고추장석쇠구이
백반기행,경북,상주시,영원식당,칼국수&부침개
백반기행,경북,상주시,수라간,한우불고기정식
백반기행,경북,상주시,서보냇가,메기매운탕
백반기행,서울,성동구,기분좋은한잔,옥돔찜&굴탕&굴구이
백반기행,서울,성동구,갈비탕집,갈비탕
백반기행,서울,성동구,왕십리정부네곱창,양념구이&소금구이
백반기행,서울,성동구,신명먹거리,백반
백반기행,강원,강릉시,저팔계콧구멍,주먹고기&껍데기&강된장
백반기행,강원,강릉시,북청해장국,무늬오징어회&홍게찜&홍게탕&게볶음밥
백반기행,강원,강릉시,불개미식당,보리밥정식
백반기행,강원,강릉시,강릉수제어묵고로케,어묵고로케
백반기행,경기,안산시,진도식당,민어맑은탕&반건조민어찜
백반기행,경기,안산시,김종우갈백집,생통갈매기구이&백합칼국수
백반기행,경기,안산시,팔곡가든,오리산채나물정식
백반기행,경기,안산시,칸티푸르레스토랑,카레&난&탄두리치킨
백반기행,전남,장흥군,만나숯불갈비,장흥삼합
백반기행,전남,장흥군,용두동삭금쭈꾸미,주꾸미숙회&주꾸미볶음
백반기행,전남,장흥군,남포수산,굴구이&굴라면&굴떡국
백반기행,전남,장흥군,본전식당,매생이백반
백반기행,충북,제천시,석이네숯불구이,돼지갈비&돼지모둠
백반기행,충북,제천시,의림만두국,닭칼만(닭칼국수만두국)
백반기행,충북,제천시,외갓집,빨간오뎅
백반기행,충북,제천시,대추나무집,소고기정식
백반기행,서울,종로구,충무칼국수,보쌈&굴무침&칼국수
백반기행,서울,중구,나드리식품,백반&배추전
백반기행,경기,구리시,홍어회찜,홍어삼합&홍어찜
백반기행,경기,구리시,돌다리집,파불고기
백반기행,경기,구리시,우미관,장어정식&장어간볶음
백반기행,경기,구리시,동갈전,동태전&북엇국
백반기행,경기,수원시,왕대포,감자전&고추튀김
백반기행,경기,수원시,팔미옥,한우특수부위
백반기행,경기,수원시,한봉석할머니순두부,순두부찌개정식&통두부구이
백반기행,경기,수원시,수구레엄마손백반,수구레수육&수구레전골
백반기행,대전,중구,대전갈비집,돼지갈비
백반기행,대전,동구,경동오징어국수,두부오징어두루치기&족발양념구이
백반기행,대전,중구,홍두깨칼국수,얼큰이칼국수&수육
백반기행,대전,서구,회랑,청국장
백반기행,충남,태안군,초원식당,굴생삼겹살&굴밥
백반기행,충남,태안군,자연산오대감튀김,작은꽃게튀김&왕새우튀김
백반기행,충남,태안군,너울횟집,전복죽&조개찜&물회
백반기행,충남,태안군,원풍식당,박속밀국낙지탕
백반기행,전북,군산시,궁전장어매운탕,민물새우매운탕&돌솥밥&장어구이
백반기행,전북,군산시,서수해장국,소머리국밥&육사시미
백반기행,전북,군산시,서우식당,아귀탕백반
백반기행,경기,성남시,진선보쌈,보쌈정식
백반기행,경기,성남시,행하령수제비,수제비&얼큰섞어수제비
백반기행,경기,성남시,남해소반,갯마을정식
백반기행,경기,성남시,장터식당,소머리국밥
백반기행,강원,횡성군,새말토종순대,모둠순대&장순댓국밥
백반기행,강원,횡성군,소소반,송아지갈비정식
백반기행,강원,횡성군,심순녀안흥찐빵,심순녀안흥찐빵
백반기행,강원,횡성군,이리가든,모두부&두부찜
백반기행,경기,안양시,삼돌박이수라육간,볏짚훈연흑소우대갈비
백반기행,경기,안양시,안양감자탕,비지감자탕
백반기행,경기,안양시,호계분식,전라도백반
백반기행,경기,안양시,호계동집,순대곱창볶음
백반기행,충남,보령시,샘물식당,쫄복탕&복찜
백반기행,충남,보령시,하니쌈밥,키조개두루치기
백반기행,충남,보령시,사천성,라조면&라조기
백반기행,충남,보령시,대성식당,전어구이&전어무침&대하구이&꽃게찜
백반기행,서울,종로구,이식당,한우다타키&한우초밥&양지국수
백반기행,서울,동대문구,어머니대성집,해장국&등골
백반기행,서울,강남구,삼성원조양곱창,곱창&특양&염통구이&볶음밥
백반기행,서울,중구,백송,서댓살구이&짝갈빗살구이
백반기행,경북,상주시,너구리식당,뭉티기&모둠구이
백반기행,서울,중구,보건옥,한우불고기
백반기행,서울,서초구,한우다이닝 울릉,울릉모둠구이
백반기행,서울,종로구,이문설렁탕,설렁탕
백반기행,울산,중구,대왕곰장어,산곰장어소금&양념구이
백반기행,울산,울주군,진미불고기,언양불고기
백반기행,울산,남구,함양집,전통비빔밥&묵채
백반기행,울산,중구,밀양시골밥상,생가자미찌개
백반기행,서울,용산구,영덕식당,가자미막회&물회밥&가자미찌개
백반기행,서울,용산구,딩호양육관,양다리구이&마라탕
백반기행,서울,용산구,섬집,와다비빔밥&참게매운탕
백반기행,인천,강화군,수남호,농어회 한 상
백반기행,인천,강화군,강화꽃게집,꽃게탕&간장게장
백반기행,인천,강화군,마니산산채,산채비빔밥&도토리묵
백반기행,인천,강화군,용흥궁식당,젓국갈비
백반기행,서울,중랑구,맹돌이생선구이쌈밥,생선구이정식
백반기행,서울,노원구,원조닭갈비,닭갈비
백반기행,서울,중랑구,태능배밭갈비,전통갈비
백반기행,서울,중랑구,묵동부대찌개,부대찌개
백반기행,경기,남양주시,광천정육점식당,소머리수육&소고기주물럭
백반기행,경기,남양주시,옹기장터백화점,팥빙수&쌍화차
백반기행,경기,남양주시,개성집,오이소박이냉국수&찐만두
백반기행,경기,남양주시,수인씨의마당,시래기정식
백반기행,충남,부여군,광명식당,표고버섯도토리묵&비빔밥
백반기행,충남,공주시,유구정육식당,암소한우모듬
백반기행,충남,부여군,연잎담,선화밥상<연잎밥+떡갈비>
백반기행,충남,부여군,부여할매순대,순대국밥&백순대+내장볶음
백반기행,강원,고성군,녹원식당,생선모둠찜&오징어볶음
백반기행,강원,고성군,남경식당,문어곱창전골&섭국
백반기행,강원,고성군,쌍둥이네식당,백반&물가자미구이&물가자미회
백반기행,제주,서귀포시,돈지식당,자리코스
백반기행,제주,서귀포시,혼차롱식개집,혼차롱세트&소라적꼬지
백반기행,제주,서귀포시,한라산아래첫마을,제주메밀 물냉면&비비작작면
백반기행,경기,포천시,금강산매운갈비찜,매운갈비찜
백반기행,경기,포천시,사리원,생등심구이&시래기찌개
백반기행,경기,포천시,샘물매운탕,매운탕
백반기행,경기,포천시,관인약수터막국수,담백막국수&명태회막국수&맷돌녹두빈대떡
백반기행,강원,동해시,삼송갈비,돼지물갈비
백반기행,강원,동해시,부흥횟집,모둠회&물회&대구탕
백반기행,강원,동해시,동해바다곰치국,곰치국
백반기행,강원,동해시,시골,감자옹심이&칡전병&칡부침
백반기행,서울,은평구,오두리두부,순두부&두부황태전골
백반기행,서울,은평구,와우양철통소금구이,소금구이&양념구이
백반기행,서울,은평구,마마수제만두,셀러리물만두&새우찐만두&매운고추군만두&산동짜장면
백반기행,서울,은평구,산들애건강밥상,청국장&코다리구이&감자전
백반기행,경남,밀양시,제일식당,돼지국밥&돼지국수
백반기행,경남,밀양시,향촌갈비,돼지갈비&소갈비
백반기행,경남,밀양시,촌닭농장,닭국&닭볶음탕
백반기행,경남,밀양시,사자평명물식당,정식&더덕구이
백반기행,인천,중구,신포동집,홍어회&홍어무침&홍어탕
백반기행,인천,중구,대성불고기,한우&새우젓찌개
백반기행,인천,동구,현대물텀벙,아귀찜&아귀탕
백반기행,인천,중구,평양옥,해장국
백반기행,충남,예산군,소복갈비,생갈비&양념갈비
백반기행,충남,예산군,또순네식당,밴댕이찌개
백반기행,충남,예산군,60년전통예산장터국밥,소머리수육&소머리국밥
백반기행,충남,예산군,호반식당,민물새우김치전&어죽&붕어조림
백반기행,전남,광양시,쌈지촌,정어리 쌈밥
백반기행,전남,광양시,부흥식당,수육&육사시미
백반기행,경남,하동군,마루솔한정식식당,생선구이백반
백반기행,경남,하동군,원조강변할매재첩회식당,재첩국&재첩회
백반기행,서울,종로구,덕성각,옛날짜장&고추짬뽕
백반기행,서울,종로구,새집,부대찌개백반
백반기행,서울,종로구,진옥화할매원조닭한마리,닭한마리
백반기행,서울,종로구,통큰누이네 육회빈대떡,모둠빈대떡&육회
백반기행,서울,종로구,오라이등심,동그랑땡
백반기행,전남,무안군,삼부자낙지,낙지라면&세발낙지
백반기행,전남,무안군,두암식당,짚불삼겹살&게장비빔밥
백반기행,전남,무안군,곰솔가든,기절낙지&낙지호롱&연포탕
백반기행,전남,무안군,옛날시골밥상,백반
백반기행,부산,부산진구,마라톤집,해물부침 마라톤&어묵탕
백반기행,부산,해운대구,해운대암소갈비,생소갈비&양념갈비
백반기행,부산,남구,합천국밥집,돼지국밥&수육
백반기행,강원,평창군,고마루,메밀국죽&산초두부구이
백반기행,강원,평창군,큰우리,한우주물럭&비지찌개
백반기행,강원,평창군,오복가든,곤드레밥&닭만둣국
백반기행,경기,광주시,최미자 소머리국밥,소머리국밥
백반기행,경기,광주시,돼지집 두루치기,두루치기
백반기행,경기,광주시,포비엣,베트남쌀국수&쟁반국수
백반기행,경기,광주시,마방집,한정식&소장작불고기
백반기행,대구,중구,개미분식,납작만두
백반기행,대구,중구,남도회집,무침회&우럭매운탕
백반기행,대구,중구,국일따로국밥,따로국밥
백반기행,대구,중구,온돌방식당,온돌불고기&열무밥 한정식
백반기행,대구,달서구,호야막창,막창구이
백반기행,강원,양양군,단양면옥,수육&물막국수
백반기행,강원,인제군,삼호숯불갈비,돼지갈비&고추장묵은지찌개
백반기행,강원,인제군,대흥식당,시래기 메기찜
백반기행,강원,인제군,곰배령끝집,숙박객 백반
백반기행,경기,안성시,빠박이 생고기,치마살생고기&업진살&된장찌개
백반기행,경기,안성시,두꺼비스넥,오이김밥
백반기행,경기,안성시,한경식당,한우국밥&녹두전
백반기행,경기,안성시,강건너 빼리,장작삼겹살&민물새우탕
백반기행,전북,고창시,모꼬지바지락요리전문점,바지락정식
백반기행,전북,고창시,뭉치네,산채비빔밥
백반기행,전북,고창시,싱싱수산식당,쭈꾸미샤브샤브
백반기행,전북,고창시,작은항구,장어구이
백반기행,강원,춘천시,감자밭,감자빵
백반기행,강원,춘천시,강릉집,생선구이백반
백반기행,강원,춘천시,맥고을,더덕비빔밥
백반기행,강원,춘천시,후평왕족발,족발&비빔국수
백반기행,강원,춘천시,대복소갈비살,소갈비살
백반기행,경기,파주시,국물없는우동,붓카케우동&계란밥
백반기행,경기,파주시,장수대,황태해장국&메밀고기전
백반기행,경기,파주시,쉼골전통된장,간장수육&들깨된장전골
백반기행,서울,중구,이북만두,김치말이밥&굴림만두&고기전
백반기행,서울,중구,유림면,메밀국수&비빔메밀
백반기행,서울,중구,충무집,도다리쑥국&멍게밥
백반기행,서울,중구,라칸티나,마늘빵&양파수프&봉골레 파스타&젤라또 카사타
백반기행,전북,익산시,다가포가든,갈매기살&갈매기살 김치찌개
백반기행,전북,익산시,장흥식당,백반
백반기행,전북,익산시,고려당,찐빵&만두&소바
백반기행,전북,익산시,시장비빔밥,육회비빔밥
백반기행,강원,영월군,박가네,어수리 더덕정식
백반기행,강원,영월군,노루목상회식당,도토리묵밥&감자전
백반기행,강원,영월군,제천식당,꼴두국수&군만두
백반기행,강원,영월군,쌍용집,불고기
백반기행,강원,영월군,장릉보리밥집,보리밥
백반기행,전남,여수시,봉정식당,조기매운탕&용서대조림
백반기행,전남,여수시,나진국밥,수육&돼지국밥
백반기행,전남,여수시,41번 포차,모둠선어회&해물삼합
백반기행,전남,여수시,서시장 內 주부떡집,호박시루떡
백반기행,전남,여수시,서시장 內 산들네전집,서대전
백반기행,서울,중구,진주집,꼬리토막
백반기행,서울,중구,산동교자,오향장육&물만두&수초면
백반기행,서울,중구,왕성식당,갈치조림
백반기행,서울,중구,조박사등갈비,등갈비&순두부찌개
백반기행,서울,종로구,나뭇잎스시,초밥&김치 어묵 우동
백반기행,서울,종로구,미인과 자연,꼬막 비빔밥&백반
백반기행,서울,종로구,용금옥,서울추탕&추어튀김
백반기행,서울,종로구,자하손만두,자하냉채&모듬만두&만둣국
백반기행,충남,천안시 서북구,청룡 원조 매운탕,민물새우매운탕&민물새우튀김
백반기행,충북,진천군,청해식당,손칼국수
백반기행,충북,진천군,할머니집,오리목살 구이& 오리목살 짜글이
백반기행,충북,진천군,묵은지 화련,묵은지 갈비전골
백반기행,충북,진천군,백곡참숯,참숯
백반기행,전남,해남군,중앙식당,매생이굴국 백반
백반기행,전남,해남군,이학식당,생선구이 정식
백반기행,전남,해남군,서성식당,돼지 머릿고기&애호박찌개
백반기행,전남,해남군,신창손순대국밥,소내장탕
백반기행,전북,전주시 완산구,중앙쌀호떡,호떡&어묵
백반기행,전북,전주시 완산구,운암콩나물국밥,콩나물국밥&모주
백반기행,전북,전주시 완산구,성가떡집,떡볶이&김밥&잡채
백반기행,전북,전주시 완산구,향리,병어 찌개
백반기행,전북,전주시 덕진구,금암피순대,특 순대국밥
백반기행,충남,홍성군,홍흥집,소머리국밥
백반기행,충남,홍성군,갈매기횟집,굴밥&굴 물회
백반기행,충남,홍성군,꽃동산횟집,백반&세꼬시
백반기행,충남,홍성군,깜씨네,갈매기살&칼국수
백반기행,경북,포항시 북구,대화식당,보리밥정식
백반기행,경북,포항시 북구,수향회식당,물회&회밥
백반기행,경북,포항시 북구,고바우식당,돼지주물럭&소석쇠구이&오징어불고기
백반기행,경북,포항시 남구,까꾸네 모리국수,모리국수
백반기행,충북,영동군,동정리보경가든,청국장&시래기
백반기행,충북,영동군,선미식당,짜장면&짬뽕&탕수육
백반기행,충북,영동군,갑돌갈비,고추장갈비&생갈비&간장갈비
백반기행,서울,마포구,홍쌍리 청매실농원,매실 고추장 비빔밥
백반기행,서울,마포구,천지식당,낙지볶음&김치제육볶음&홍어찜
백반기행,서울,마포구,산동만두,찐만두&군만두&오향장육&공심채탕
백반기행,서울,마포구,신촌즉석생우동,우동
백반기행,서울,마포구,남해바다,대방어 선어회
백반기행,경기,파주시,임진대가집,참게매운탕
백반기행,경기,파주시,은하장,유니짜장&짬뽕&고기튀김
백반기행,경기,파주시,심학산두부마을,퉁퉁장 정식
백반기행,경기,파주시,단골집,돼지갈비&오징어회무침
백반기행,전남,고흥군,수문식당,낙지탕탕 비빔밥&조기탕
백반기행,전남,고흥군,소문난 갈비탕,갈비탕&갈비찜
백반기행,전남,고흥군,순천횟집,노랑가오리회&삼치회&삼치조림
백반기행,전남,고흥군,화정상회,생선구이
백반기행,전남,고흥군,다미식당,1만 원 백반
백반기행,서울,용산구,충무 칼국수,보쌈&칼국수
백반기행,서울,용산구,일미장어,장어구이 정식
백반기행,서울,중구,산정,제주오겹살&콩나물비빔밥&얼갈이배추 스지탕
백반기행,서울,용산구,후암동 양푼이 동태탕,동태 내장탕
백반기행,경북,경주시,경주원조콩국,콩국
백반기행,경북,경주시,성동시장-할매문어집,문어무침
백반기행,경북,경주시,성동시장-보배김밥 (우엉김밥),우엉김밥
백반기행,경북,경주시,동일횟집,소쿠리회&장어탕
백반기행,경북,경주시,평양냉면집,평양식 물냉면
백반기행,경북,경주시,퇴근길숯불갈비,갈비&불고기
백반기행,전북,정읍시,백학정,떡갈비백반
백반기행,전북,정읍시,국화회관,우렁이쌈밥정식
백반기행,전북,정읍시,장작불,모촌 소머리국&장모님 된장비빔
백반기행,전북,정읍시,고부동학고을한우,한우 등심구이&사골 우거지
백반기행,전북,정읍시,옛날팥죽,새알팥죽
백반기행,강원,철원군,갓냉이국수,갓냉이 한우버섯전골 국수 정식
백반기행,강원,철원군,내대 막국수,비빔막국수&수육
백반기행,강원,철원군,솔향기,손만두 버섯 전골
백반기행,강원,철원군,포항식당,해물된장찌개
백반기행,강원,철원군,여울애 꽃물들인 캠핑장,차박
백반기행,강원,속초시,감자바우,감자옹심이
백반기행,강원,속초시,경진호,설악항 내 회센터
백반기행,강원,속초시,곤드레밥집,곤드레밥&굴밥
백반기행,강원,속초시,88생선구이,생선구이모둠정식
백반기행,강원,속초시,화진호 이선장네,생물망치탕&명태코다리탕 
백반기행,경남,진주시,제일식당,육회비빔밥&육회
백반기행,경남,진주시,하동복집,복국&아귀수육
백반기행,경남,진주시,평양빈대떡,거지탕
백반기행,경남,진주시,산청흑돼지,갈비수육&땡초갈비찜
백반기행,경남,진주시,송가네,선지국밥&장어국밥
백반기행,경북,영덕군,해변회식당,종합물회&조개구이
백반기행,경북,영덕군,시장밥집,영덕시장 내 위치
백반기행,경북,영덕군,영덕 물가자미 전문점,물가자미 정식
백반기행,경북,청송군,88식당,닭불고기&백숙
백반기행,전북,남원시,일출산채식당,산채정식
백반기행,전북,남원시,인동할머니민박,가정식 백반
백반기행,전북,남원시,동막골,연탄돼지갈비
백반기행,전북,남원시,부산집,추어탕
백반기행,전남,영암군,영암 한국트로트가요센터,
백반기행,전남,영암군,청하식당,낙지볶음
백반기행,전남,영암군,텃밭가든,닭구이
백반기행,전남,영암군,수궁한정식,한정식백반
백반기행,전남,영암군,구림떡방아,고춧가루&올편떡
백반기행,전남,영암군,독천식당,갈낙탕
백반기행,경기,이천시,성순이 묵은지,묵은지 사태전골
백반기행,경기,이천시,강민주의 들밥,돌솥밥&보리굴비&간장게장
백반기행,경기,이천시,돌댕이 석촌골 농가맛집,볏섬만두전골
백반기행,경기,이천시,토사랑,한방 닭 누룽지 백숙
백반기행,경기,이천시,예스파크,예술마을
백반기행,서울,서초구,산호,생멸치 쌈밥
백반기행,충남,보령시,대구식당,소머리냉면 소머리수육
백반기행,충남,보령시,서부식당,백반
백반기행,충남,보령시,고기요,키조개 삼겹살 Set
백반기행,충남,보령시,부안토종민물장어,장어파김치전골
백반기행,충남,보령시,보령수협 수산시장 - 일등수산,전어회
백반기행,충남,보령시,못난이강정,옛날과자
백반기행,서울,서초구,토박이,신김치꽁치전골&고추장두부찌개
백반기행,서울,서초구,맘코리안비스트로,콩나물비빔밥 들깨수제비 두부김치스테이크
백반기행,서울,서초구,장수식당,민물잡어탕
백반기행,서울,서초구,설눈,평양물냉면 평양온반
백반기행,전남,나주시,다복가든,홍어찜 백반
백반기행,전남,나주시,진미옛날순대,암뽕순대
백반기행,전남,나주시,하얀집,나주곰탕
백반기행,전남,나주시,송현불고기,불고기
백반기행,전남,나주시,섬말민물횟집,참게메기매운탕
백반기행,경기,가평군,송원막국수,막국수
백반기행,경기,가평군,샘말식당,되비지콩탕
백반기행,경기,가평군,장모님댁,순댓국
백반기행,경기,가평군,민기남씨네 솥뚜껑 닭매운탕,닭매운탕
백반기행,경기,가평군,명지쉼터가든,잣국수&잣곰탕
백반기행,서울,종로구,삼지,대패 삼겹살&김치죽
백반기행,서울,종로구,황생가칼국수,칼국수 만두
백반기행,서울,종로구,밀과보리,곤드레밥 감자전 미나리전
백반기행,서울,종로구,향가,한정식
백반기행,경남,고성군,수양식당,회 백반
백반기행,경남,고성군,군령포하모자연횟집,하모
백반기행,경남,고성군,개미집 가든,해물탕
백반기행,경남,고성군,옥천식당,닭국&파전
백반기행,경남,고성군,기와실비,제철해산물 한 상
백반기행,충북,충주시,풍년식당,자장면&짬뽕
백반기행,충북,충주시,삼정면옥,평양냉면&편육&수육
백반기행,충북,충주시,아미각,올갱이 전골
백반기행,충북,충주시,올뱅이식당,올갱이 해장국
백반기행,충북,충주시,들림횟집,송어 비빔회&매운탕
백반기행,충북,충주시,수영식당,돼지두루치기
백반기행,전북,순창군,장 본가,고추장 명인의 집
백반기행,전북,순창군,민속집,한정식
백반기행,전북,순창군,칠보식당,생고사리 조기탕
백반기행,전북,순창군,유등숯불돼지갈비,숯불갈비
백반기행,전북,순창군,백야촌,열무 비빔국수
백반기행,전북,순창군,함양식당,21첩 백반
백반기행,부산,금정구,금정산성막걸리 양조장,막걸리
백반기행,부산,금정구,청사초롱,흑염소 불고기&파전
백반기행,부산,강서구,선창 갈미조개,갈미조개 샤부샤부&갈삼구이
백반기행,부산,서구,원조 18번 완당 발국수,완당&발국수
백반기행,부산,사하구,남해달인횟집,회백반
백반기행,부산,영도구,진주식당,고등어 해장국
백반기행,강원,고성군,항포구,오징어 회
백반기행,강원,고성군,오미냉면,회냉면
백반기행,강원,고성군,제비호식당,동태탕&잡어 매운탕
백반기행,강원,고성군,삼거리기사식당,고등어조림 또는 꽁치조림 백반
백반기행,강원,고성군,대진항 수산시장 - 해녀 세자매,문어숙회
백반기행,전남,완도군,완도 금일수협 활선어 위판장,전복 수산물
백반기행,전남,완도군,유일정식당,완도백반
백반기행,전남,완도군,대박집,생선탕
백반기행,전남,완도군,장도식당슈퍼,낙지 한상
백반기행,전남,완도군,진미횟집,전복 해초비빔밥&종합물회
백반기행,전남,완도군,동백식당,장어구이
백반기행,전남,광양시,홍쌍리 청매실 농원,매실비빔밥&편육
백반기행,전남,광양시,해돋이식당,재첩국&재첩회덮밥
백반기행,전남,광양시,예촌식당,생선특식
백반기행,전남,광양시,경도식당,광양불고기
백반기행,전남,광양시,시장국밥,광양식 장어탕
백반기행,충남,천안시 동남구,가산한정식,정식
백반기행,충남,천안시 동남구,정통 옥수사,칼국수&수육
백반기행,충남,천안시 서북구,소우리맛있는생고기점,갈비탕
백반기행,충남,천안시 서북구,미라골 미담식당,짜글이
백반기행,충남,천안시 동남구,청화집,병천순대&순댓국
백반기행,인천,중구,연백식당,밴댕이회무침&밴댕이조림&밴댕이회
백반기행,인천,동구,해장국집,해장국
백반기행,인천,부평구,중국 물만두,배추물만두&돼지위볶음&마라두부
백반기행,인천,미추홀구,마산집,건우럭구이
백반기행,인천,남동구,부암갈비,돼지생갈비&젓갈볶음밥
백반기행,서울,영등포구,골목집,녹두반계탕&오리감자탕
백반기행,서울,영등포구,매일낙지,불낙지
백반기행,서울,영등포구,은진포차,가자미조림&관자 버터구이
백반기행,서울,영등포구,서여사네,어죽 칼국수
백반기행,서울,영등포구,덕원,방치탕&꼬리곰탕
백반기행,충남,태안군,산장가든,연잎정식
백반기행,충남,태안군,정아횟집,전복밥
백반기행,충남,태안군,메꿀레분식,바지락칼국수&콩국수
백반기행,충남,태안군,안흥식당,아나고스키야키
백반기행,충남,태안군,선창회마차,우럭구이
백반기행,경기,양주시,부일부대찌개,부대찌개
백반기행,경기,양주시,평양면옥,꿩냉면&닭무침
백반기행,경기,양주시,동언집,갈치찌개 백반
백반기행,경기,양주시,노고산로뎀,훈제 모둠 바비큐
백반기행,경기,양주시,유명식당,자연산 버섯볶음&자연산 버섯 된장찌개
백반기행,강원,홍천군,오대산 내고향,산채백반
백반기행,강원,홍천군,신토불이,고등어 두부구이
백반기행,강원,홍천군,원미막국수,약밥닭
백반기행,강원,홍천군,오복식당,추어탕
백반기행,강원,홍천군,제일 숯불구이,고추장 돼지갈비
백반기행,전북,군산시,뚱보식당,백반
백반기행,전북,군산시,불타는 명태찜,명태찜
백반기행,전북,군산시,일력생선,생선구이
백반기행,전북,군산시,우리 떡갈비,떡갈비
백반기행,전북,군산시,일출옥,아욱국
백반기행,서울,송파구,갯마을,게장백반+조기찌개
백반기행,서울,송파구,장수식당,김치삼겹살
백반기행,서울,송파구,일등바우,산낙지촛국 병어조림
백반기행,서울,송파구,원조감자탕,비지감자탕
백반기행,서울,송파구,남한산성식당 마천점,오돌갈비
백반기행,경기,용인시 수지구,고기리막국수,들기름막국수 수육
백반기행,경기,용인시 처인구,금성식당,청국장&손두부
백반기행,경기,용인시 처인구,한터장수오리골,오리로스구이&누룽지볶음밥
백반기행,경기,용인시 기흥구,교동면옥,평양냉면&한우국밥
백반기행,경기,용인시 처인구,양지 석쇠 불고기,석쇠 매운 오징어 구이& 석쇠 돼지 불고기
백반기행,경기,용인시 처인구,처인성 토속 음식점,묵은지 생갈비 전골
백반기행,전남,진도군,이화식당,꽃게무침&갑오징어조림
백반기행,전남,진도군,궁전 음식점,뜸북국
백반기행,전남,진도군,우림,보리간재미애국
백반기행,전남,진도군,달님이네 맛집,김국백반
백반기행,전남,진도군,사랑방 식당,말린 우럭찜&바지락 초무침
백반기행,전북,부안군,아리랑식당,풀치백반
백반기행,전북,부안군,전망좋은집,백합찜 /? 백합죽
백반기행,전북,부안군,변산횟집,서대 고사리 매운탕
백반기행,전북,부안군,동진식당,주꾸미 샤부샤부
백반기행,전북,부안군,땅제가든,참게장 정식
백반기행,전북,부안군,포마횟집,우럭회&우럭회비빔밥
백반기행,경기,양평군,순흥식당,백반
백반기행,경기,양평군,초가,논 참게탕&참게장
백반기행,경기,양평군,용문원조능이버섯국밥,능이버섯전골
백반기행,경기,양평군,회령 손만둣국,만둣국&접시만두
백반기행,경기,양평군,쌈지골,장작구이 통삽겹살
백반기행,경기,양평군,표미숙 국수,통마늘 노가리찜&열무비빔국수
백반기행,강원,강릉시,벌집,장칼국수
백반기행,강원,강릉시,항구마차,문어숙회&문어무침
백반기행,강원,강릉시,콜롬보식당,갈매기살 내장탕
백반기행,강원,강릉시,주문진해물국수,소라찜
백반기행,강원,강릉시,철뚝소머리집,소머리국밥
백반기행,강원,강릉시,미경이네 횟집,섭미역국&섭국
백반기행,서울,용산구,대흥정육식당,돼지불백
백반기행,서울,용산구,할매보리밥집,육개장
백반기행,서울,용산구,이태원숯불바베큐치킨,바비큐치킨
백반기행,서울,용산구,대성정육식당,돼지 수육
백반기행,서울,용산구,시장회집,알탕&알찜
백반기행,서울,용산구,바다식당,존슨탕&찹스테이크
백반기행,충남,공주시,무궁화 회관,불낙전골
백반기행,충남,공주시,늘푸른솔,퉁퉁장 정식
백반기행,충남,공주시,청양분식,잔치국수
백반기행,충남,공주시,시장정육점식당,육회비빔밥
백반기행,충남,공주시,계룡산 묵사랑,묵 한상
백반기행,충남,공주시,소나무집,갈비 보리밥 정식
백반기행,경남,통영시,훈이시락국,시래깃국
백반기행,경남,통영시,팔도식당,도다리쑥국
백반기행,경남,통영시,산양식당,통영비빔밥&소머리곰탕
백반기행,경남,통영시,물레야소주방,다찌
백반기행,경남,통영시,통영식당,멸치쌈밥
백반기행,전남,담양군,김순옥댓잎찹쌀도너츠,댓잎찹쌀도너츠
백반기행,전남,담양군,청운식당,막창순댓국&냄비비빔밥
백반기행,전남,담양군,미소댓잎국수,물국수&죽순비빔국수
백반기행,전남,담양군,부부식당,누른머릿고기
백반기행,전남,담양군,원조제일숯불갈비,돼지갈비
백반기행,전남,담양군,목화식당,가정식 백반
백반기행,서울,종로구,해장국 사람들,선지 해장국
백반기행,서울,종로구,별미곱창,돼지곱창볶음
백반기행,서울,종로구,서촌 통영,굴국밥 고갈비
백반기행,서울,종로구,경동맛집,가오리찜&꼬막찜&꼬막전
백반기행,서울,종로구,창성갈비,돼지갈비
백반기행,경남,함양군,청학산,콩잎곰국 정식
백반기행,경남,함양군,옛날 금호식당,갈비찜&갈비탕
백반기행,경남,함양군,대성식당,수육&소고기국밥
백반기행,경남,함양군,갑을식당,곱창전골
백반기행,경남,함양군,조샌집,어탕국수
백반기행,경남,함양군,안의 뻥튀기,뻥튀기
백반기행,서울,광진구,고향집,주꾸미구이&참꼬막
백반기행,서울,광진구,우성 기사식당,양념 삼치구이&대구탕
백반기행,서울,광진구,어울림,새조개 전&매생이 굴 칼국수
백반기행,서울,광진구,용문집,제비추리&치맛살
백반기행,서울,광진구,해남닭집,간장치킨&닭똥집
백반기행,강원,평창군,동양식당,오징어 불고기&더덕구이&황태구이
백반기행,강원,평창군,부산 식육식당,삼겹살&냉이 된장찌개
백반기행,강원,인제군,창바위 맛집,황태국
백반기행,강원,인제군,매화촌,해장국
백반기행,강원,인제군,산채촌,질경이정식
백반기행,강원,평창군,아승 순 메밀막국수,공이막국수
백반기행,인천,연수구,군봉묵은지김치찜,묵은지 김치찜
백반기행,인천,중구,경인면옥,평양물냉면 평양회비빔냉면
백반기행,인천,중구,등대경양식,돈가스 정식
백반기행,인천,부평구,돈타래게장정식,간장게장정식
백반기행,인천,동구,송미옥,복중탕&복회
백반기행,서울,서초구,영동설렁탕,설렁탕
백반기행,서울,강남구,개화옥,차돌박이 채소무침&채소구이&된장국수&김치말이국수
백반기행,서울,강남구,금성스테이크부대찌개,소시지전골&모둠구이
백반기행,서울,강남구,해남집,해남정식 매생이 전&국
백반기행,서울,강남구,돌곰네,문어국밥 돌문어톳쌈
백반기행,서울,강남구,압구정3번출구닭꼬치,소금닭꼬치 고추장닭꼬치
백반기행,충북,단양군,가마골 쉼터,감자 수제비
백반기행,충북,제천시,덩실 분식,찹쌀떡&도너츠
백반기행,충북,제천시,제천 시락국,시래기국&시래기밥
백반기행,충북,제천시,시골 순두부,산초구이 두부찌개
백반기행,충북,제천시,송학반점,돼지갈비튀김 왕만두
백반기행,충북,단양군,대산원조마늘순대,마늘순대 곱창전골
백반기행,전남,여수시,정다운식당,물메기탕
백반기행,전남,여수시,해풍게장,돌게장백반
백반기행,전남,여수시,복산식당,새우살 구이
백반기행,전남,여수시,미로횟집,대광어회
백반기행,전남,여수시,추억꺼리,장어대가리 구이
백반기행,전남,여수시,남원식당,깨장어탕
백반기행,전남,여수시,동서식당,서대회무침
백반기행,전남,여수시,고래실,새조개 삼합&샤브샤브
백반기행,전남,여수시,자봉식당,시장백반
백반기행,전남,여수시,조일식당,삼치회 보리멸튀김
백반기행,강원,춘천시,샬롬 분식,총떡&감자떡
백반기행,강원,춘천시,춘석이네,보리밥 백반
백반기행,강원,춘천시,신흥막국수,막국수
백반기행,강원,춘천시,원조 숯불 닭불고기,뼈있는 숯불 닭갈비&오돌뼈 닭갈비&닭내장
백반기행,강원,춘천시,다윤네집,모래무지조림
백반기행,강원,춘천시,회영루,중국식 국밥&백년짜장
백반기행,서울,중구,주유소식당,낙지 백반
백반기행,서울,중구,동원집,감자국
백반기행,서울,중구,우화식당,코다리찜 소고기전
백반기행,서울,중구,골목식당,청국장&보쌈
백반기행,서울,종로구,서울식품,가맥
백반기행,경북,안동시,옥동손국수,안동국시
백반기행,경북,안동시,시골갈비,소갈비&갈비찜
백반기행,경북,안동시,성전식당,간고등어 백반
백반기행,경북,안동시,효자통닭,쪼림닭
백반기행,경북,안동시,수정식당,보리밥 비빔밥
백반기행,서울,성북구,국시집,칼국수
백반기행,서울,성북구,신신식당,우렁쌈밥 정식
백반기행,서울,성북구,수연산방,한옥카페
백반기행,서울,성북구,새천년호프,후라이드 치킨
백반기행,서울,성북구,달밝은집,숙성 돼지고기
백반기행,서울,성북구,전통만두국 이상조,만둣국
백반기행,전남,구례군,당치민박산장,산닭구이
백반기행,전남,구례군,동아식당,가오리찜
백반기행,전남,구례군,가야식당,시래기국 백반
백반기행,전남,구례군,함지박속흑돼지,흑돼지 주물럭
백반기행,전남,구례군,한우식당,피순대&순대국밥
백반기행,전남,구례군,청천슈퍼,가맥
백반기행,서울,종로구,승우네식당,우거지탕 백반
백반기행,서울,종로구,유진식당,평양냉면&녹두지짐
백반기행,서울,종로구,부산횟집,미역지리
백반기행,서울,종로구,평원숯불갈비,쫄깃살
백반기행,서울,종로구,참새집,참새구이
백반기행,제주특별자치도,서귀포시,나목도식당,두루치기
백반기행,제주특별자치도,제주시,모슬포해안도로 식당,고등어회 고등어조림
백반기행,제주특별자치도,서귀포시,몰고랑식당,몸국 흑돼지국
백반기행,제주특별자치도,서귀포시,막둥이해녀 복순이네,물회 성게칼국수 우럭조림
백반기행,제주특별자치도,서귀포시,윌라라,피쉬앤칩스
백반기행,제주특별자치도,서귀포시,천짓골 식당,돔베고기
백반기행,경남,창원시 진해구,경화당제과,콩과자
백반기행,경남,창원시 진해구,동방횟집,가오리 조림
백반기행,경남,창원시 마산합포구,휘모리,탱수국
백반기행,경남,창원시 마산합포구,보배아구찜,건 아귀찜
백반기행,경남,창원시 마산합포구,화성갈비,갈비탕&소갈비
백반기행,경남,창원시 마산합포구,은혜추어탕,추어탕
백반기행,광주,광산구,골메골,애호박찌개
백반기행,광주,동구,원조두유,우유
백반기행,광주,북구,광신보리밥,보리밥
백반기행,광주,북구,무등분식,상추튀김
백반기행,광주,서구,육전명가,육전
백반기행,광주,서구,창신식당,돼지고기 황실이전 황실이짜박이
백반기행,서울,영등포구,부흥동태,동태탕
백반기행,서울,영등포구,서궁,오향장육&군만두
백반기행,서울,영등포구,솔,김치찌개
백반기행,서울,영등포구,대원앤대원,꼬치구이&생선구이
백반기행,서울,영등포구,장미의집,냉동삽겹살
백반기행,서울,영등포구,영원식당,수제비
백반기행,경기,수원시 팔달구,골목집,민물새우던질탕
백반기행,경기,수원시 팔달구,연밀,육즙만두 소힘줄장조림 건두부요리
백반기행,경기,수원시 장안구,남보원,소불고기
백반기행,경기,수원시 권선구,열구자,콩비지백반
백반기행,경기,수원시 권선구,나연식당,닭볶음탕
백반기행,경기,수원시 장안구,명성돼지갈비,국물갈비
백반기행,제주,서귀포시,삼보식당,옥돔뭇국
백반기행,제주,제주시,돈물국수,꿩메밀국수
백반기행,제주,제주시,복집식당,갈치국&갈치조림
백반기행,제주,서귀포시,만덕이네,흑돼지고사리구이
백반기행,제주,제주시,오현불백,한치돼지불백
백반기행,제주,서귀포시,보람식당,백반정식 회
백반기행,서울,중구,천일삼계탕,삼계탕
백반기행,서울,중구,우남식당,소뼈 해장국
백반기행,서울,종로구,금문장,짜장면 볶음밥
백반기행,서울,종로구,광주식당,동태찌개
백반기행,서울,중구,경상도집,돼지갈비
백반기행,전북,전주시 완산구,하숙영가마솥비빔밥,비빔밥
백반기행,전북,전주시 완산구,진미집본점,연탄불고기&김밥
백반기행,전북,전주시 완산구,태봉집,시래기 해장국
백반기행,전북,전주시 완산구,백일홍,찐빵
백반기행,전북,전주시 완산구,한벽집,민물 오모가리탕
백반기행,전북,전주시 덕진구,서울식당,막걸리 한상
백반기행,전남,순천시,대원식당,한정식
백반기행,전남,순천시,갈마골 아구탕,청국장 아구탕
백반기행,전남,순천시,민호네 전 전문점,칠게튀김 /?명태머리전
백반기행,전남,순천시,풍미 통닭,마늘 통닭
백반기행,전남,순천시,한우 식당,국밥 /?수육
백반기행,전남,순천시,뚝 왕대포,전어회무침 /?전어구이
백반기행,서울,용산구,창성옥,뼈해장국
백반기행,서울,용산구,진주식당,생선구이 백반
백반기행,서울,용산구,김용안과자점,센과자
백반기행,서울,용산구,털보집,모듬스테이크&부대찌개
백반기행,서울,용산구,원대구탕,대구탕
백반기행,서울,용산구,아성녹두빈대떡,빈대떡&홍어전
백반기행,서울,마포구,너랑나랑호프,육전 가자미튀김
백반기행,서울,마포구,시골순대,막창순대 순대국밥
백반기행,서울,마포구,복춘정,오늘의 정식
백반기행,서울,마포구,고향집,들깨수제비 콩나물비빔밥
백반기행,서울,마포구,일등식당,뼈해장국
백반기행,서울,마포구,퓨전선술집,숙성회
백반기행,대전,중구,탑집,콩나물밥 정식
백반기행,대전,중구,진로집,두부 두루치기
백반기행,대전,중구,뽀뽀분식,비빔 칼국수
백반기행,대전,중구,소나무집,오징어찌개
백반기행,대전,중구,형제집,연탄 불고기
백반기행,인천,중구,명월집,김치찌개
백반기행,인천,중구,삼강옥,설렁탕&해장국
백반기행,인천,중구,인천당,생과자
백반기행,인천,동구,토시살 숯불구이,소 특수부위&더덕구이&동치미국수
백반기행,인천,중구,대전집,스지탕
백반기행,인천,동구,문화반점,백짬뽕&볶음밥
백반기행,인천,중구,맷돌칼국수,튀김칼국수&쫄면
백반기행,서울,용산구,털보네 꼼장어,돼지꼬랑지 구이
백반기행,서울,중구,춘천막국수,이북식 찜닭/닭볶음탕/막국수
백반기행,서울,용산구,구이마당,숯불 불고기 백반&산초 된장찌개
백반기행,서울,성동구,원조칼국수보쌈,콩국수/비빔밥
백반기행,서울,성동구,은성보쌈,섞어보쌈
백반기행,전남,신안군,하나로 식당,병어조림
백반기행,전남,신안군,나들목 맛집,해초밥상
백반기행,전남,신안군,지도 장터 젓갈,젓갈
백반기행,전남,신안군,청해 짱뚱어,짱뚱어회&짱뚱어탕
백반기행,강원,삼척시,울릉도 호박집,생선 모둠찜
백반기행,강원,삼척시,부명칼국수,장옹심이 칼국수
백반기행,강원,삼척시,한우실비구이,한우연탄구이
백반기행,강원,삼척시,길모퉁이 포차,돼지껍데기&생선구이
백반기행,강원,삼척시,미조리횟집,물회
백반기행,강원,삼척시,남궁스넥,감자보리밥
백반기행,전남,목포시,명신식당,떡갈비탕
백반기행,전남,목포시,우정식육식당,수육무침?/ 생고기&육회낙지 탕탕이
백반기행,전남,목포시,조선 쫄복탕,쫄복탕
백반기행,전남,목포시,가락지 죽집,쑥꿀레&동지팥죽
백반기행,전남,목포시,영란횟집,민어회&민어전&민어회무침&민어탕
백반기행,전남,목포시,돌집,백반&먹갈치찜
백반기행,전남,목포시,은지네 해장국,뼈 해장국
백반기행,전남,목포시,보리마당 가맥집,막걸리 한상
백반기행,전남,목포시,미락식당,꽃게비빔밥&통치 생선구이
백반기행,서울,서대문구,28총각,돈가스 백반
백반기행,서울,서대문구,소문난 홍가네 냉면,기계식 냉면&차돌박이
백반기행,서울,서대문구,연희미식,대만식 백반
백반기행,서울,서대문구,연희동 야식포차,두부삼합&감자전
백반기행,서울,서대문구,철길떡볶이,떡볶이&튀김&순대
백반기행,서울,서대문구,서대문 원조 통술집,돼지갈비
백반기행,대구,달서구,미가식당,냄비밥
백반기행,대구,중구,서문시장 삼미 식당,매운 돼지갈비 양푼찜
백반기행,대구,중구,유창반점,중화비빔밥&중화비빔면
백반기행,대구,북구,화개장터 가마솥 국밥,소고기국밥
백반기행,대구,중구,장원식당,뭉티기&육회
백반기행,인천,강화군,토가,손두부 새우젓찌개&곤쟁이찌개
백반기행,인천,강화군,돌기와집,시래기 붕어찜
백반기행,인천,강화군,동막호,밴댕이회&참소라구이
백반기행,인천,강화군,강화집,백반&닭곰탕
백반기행,인천,강화군,봉천가정식백반,백반
백반기행,인천,강화군,국화집,녹두빈대떡
백반기행,부산,영도구,중리해녀촌,문어/모둠 해물
백반기행,부산,중구,한월식당,생선구이 백반
백반기행,부산,부산진구,회국수 할매집,회국수
백반기행,부산,중구,용두산 공원 사진사,
백반기행,부산,중구,수복센타,스지오뎅탕/나막스구이/다타키
백반기행,부산,영도구,가마솥 돼지국밥,수육백반
백반기행,부산,남구,금성호,곰장어 소금구이/붕장어 소금구이
백반기행,서울,중구,잊지마 식당,찌개/생선구이 백반
백반기행,서울,중구,나리화원,
백반기행,서울,중구,학다방,쌍화차/커피
백반기행,서울,중구,사랑방칼국수,백숙백반/칼국수
백반기행,서울,중구,더덕낙지 우리콩 청국장,청국장/더덕보쌈정식
백반기행,서울,중구,통나무집,주인맘 메뉴
백반기행,서울,중구,진미네,병어찜/모둠해물
백반기행,서울,중구,성원식품,LA갈비
백반기행,서울,중구,현대금박,인쇄/명함
백반기행,서울,중구,대동지업사,종이
백반기행,서울,중구,강산카메라,카메라 대여 및 판매
백반기행,서울,중구,에빈의 커피이야기,카페
백반기행,서울,중구,필동과자점,컵케이크
백반기행,충남,서산시,쉼터식당,7천원 백반
백반기행,충남,서산시,지은이네,수산물 직매장 내 횟집
백반기행,충남,서산시,가야슈퍼,쑥전
백반기행,충남,서산시,옛날빵집,호떡&찐빵
백반기행,충남,서산시,정성맛집,바지락초무침
백반기행,충남,서산시,웅도식당,박속낙지탕
백반기행,충남,서산시,광진상회,게국지
백반기행,전남,강진군,광주식당,5천원 백반&팥죽
백반기행,전남,강진군,우리식당,8천원 백반집
백반기행,전남,강진군,탐진 머릿고기,머리고기 & 메추리구이
백반기행,전남,강진군,옴내골토하,토하젓 주문 가능
백반기행,전남,강진군,서중어촌체험마을,바지락 및 갯벌 체험가능
생활의달인,경북,포항시,할매호떡,호떡
생활의달인,서울,용산구,효창동짜장우동,짜장면&우동
생활의달인,인천,남동구,손칼국수,손칼국수
생활의달인,전북,전주시,송해븐,거미줄 반죽 바게트
생활의달인,서울,용산구,쎄니에,문어카르파초
생활의달인,충남,천안시,계명집,조개탕칼국수
생활의달인,충남,천안시,옛김포식당,칼비빔국수
생활의달인,충북,충주시,베이커리이와정,소금 크루아상
생활의달인,제주,서귀포시,형제도식당,제주갈치
생활의달인,부산,중구,중구기사식당,밀면
생활의달인,서울,용산구,데칼코마니,꿀대구&수비드스테이크
생활의달인,서울,용산구,단당,삼색만두
생활의달인,인천,부평구,해민면옥,평양냉면
생활의달인,서울,마포구,산왕반점,멘보샤
생활의달인,경기,안양시,복무춘,탕수육&짬뽕
생활의달인,경북,안동시,버버리찰떡,안동찰떡
생활의달인,서울,용산구,이화국시,잔치국수
생활의달인,인천,중구,인천맥주,수제맥주
생활의달인,경북,영주시,처가집냉면,한우냉면
생활의달인,인천,미추홀구,초가메밀우동,열무국수
생활의달인,충남,부여군,장원막국수,냉국수
생활의달인,전북,전주시,대보장,탕수육&간짜장
생활의달인,서울,관악구,딸랏롯빠이,태국쌀국수
생활의달인,서울,성동구,멜드,벨퍼놀치즈파스타&안심파스타
생활의달인,경북,예천군,교동식당,냉우동
생활의달인,강원,고성군,수성반점,짬뽕
생활의달인,강원,강릉시,복양춘,냉우동&탕수육
생활의달인,서울,성동구,콩카세,비프웰링턴
생활의달인,인천,미추홀구,꼬끼오통닭,닭강정
생활의달인,서울,서초구,바타드브레드,포카치아&바게트
생활의달인,서울,영등포구,귀비주옥,마라 바지락 볶음면&가지튀김
생활의달인,인천,남동구,수정냉면,냉면
생활의달인,서울,송파구,서보,태국식족발덮밥&새우국밥
생활의달인,대전,동구,즉석수제누룽지,숟가락 누룽지
생활의달인,대전,대덕구,통일면옥,회냉면
생활의달인,충남,아산시,시장식당,밀냉면
생활의달인,충남,아산시,신정식당,밀냉면
생활의달인,충남,아산시,강원냉면,밀냉면
생활의달인,충남,보령시,타네,앙버터
생활의달인,서울,마포구,띠옷,가지밀푀유&라벤더무스
생활의달인,대전,서구,로얄라멘,츠케멘
생활의달인,서울,영등포구,동순각,옛날탕수육
생활의달인,서울,성북구,송림원,간짜장&탕수육
생활의달인,충북,청주시,경남옥,묵은지비빔국수&볶음밥
생활의달인,서울,마포구,츄리츄리,시칠리아 아란치니
생활의달인,경기,구리시,촉석루,간짜장
생활의달인,경기,고양시,신흥관,볶음밥
생활의달인,강원,속초시,도문집,냉칼국수
생활의달인,서울,종로구,오복정냉면,냉면
생활의달인,서울,관악구,함바그동 스미비,함박스테이크 덮밥
생활의달인,전북,군산시,멧돌방식당,평양냉면
생활의달인,경기,남양주시,빵에갸또,프랑스 디저트
생활의달인,서울,중구,춘천면옥,막국수
생활의달인,서울,성북구,뽀르께노 스페니쉬 비스트로,스페인 요리
생활의달인,서울,마포구,마이클식당,미국 가정식 미트볼
생활의달인,경기,광명시,철판핫독,철판 핫도그
생활의달인,경기,안산시,탄드르하우스,우즈베키스탄 빵
생활의달인,서울,용산구,쌤쌤쌤,잠봉뵈르 파스타
생활의달인,부산,해운대구,무스비,고등어 소바
생활의달인,서울,마포구,알버트파크,레밍턴케이크
생활의달인,강원,삼척시,신다리국수,동치미국수
생활의달인,서울,강남구,원 디그리 노스,싱가포르 화덕구이
생활의달인,서울,중랑구,만두향,김치만두
생활의달인,서울,은평구,통나무집떡볶이쫄면,쫄면 떡볶이
생활의달인,경북,구미시,도깨비도넛츠, 꽈배기 핫도그
생활의달인,경기,파주시,라까냐,스페인식 닭요리
생활의달인,경북,영천시,서문분식,김밥
생활의달인,서울,성동구,라바바베이커리,도넛
생활의달인,서울,금천구,도넛 인사이드 도넛,도넛
생활의달인,충남,서산시,황제칼국수,칼국수
생활의달인,경북,포항시,길성관,자춘권
생활의달인,전북,전주시,우리밀누룩꽃빵,쌀누룩발효빵
생활의달인,경기,파주시,폴렌베이커리,소금빵
생활의달인,서울,마포구,에트나퓨,까르보나라&라자냐
생활의달인,경기,광주시,소담고방,소금빵
생활의달인,경기,용인시,빠델라디파파,화덕피자
생활의달인,서울,강남구,피자리움,피자
생활의달인,서울,마포구,카쿠시타,치킨카츠
생활의달인,충남,당진시,사랑분식,국떡볶이
생활의달인,광주,남구,무등쑥호떡,호떡
생활의달인,제주,제주시,회심,고등어소바
생활의달인,전남,순천시,순고후문호떡,호떡
생활의달인,인천,부평구,교레츠라멘,일본라면
생활의달인,부산,부산진구,소설담,꼬치구이
생활의달인,충북,청주시,이찌바텐동,청어온소바&튀김덮밥
생활의달인,경기,화성시,육횟집,육회
생활의달인,대구,달서구,영래칼국수,칼국수
생활의달인,충북,청주시,맛있는왕만두,김치만두
생활의달인,부산,수영구,아마,감자오믈렛&파에야
생활의달인,서울,중구,미락,건숙성생선초밥
생활의달인,경북,문경시,오복찐빵,찐빵
생활의달인,제주,제주시,송림반점,간짜장
생활의달인,경북,예천군,만수당,찹쌀떡
생활의달인,서울,마포구,츠키젠,돈가스
생활의달인,제주,제주시,재벌식당,곰탕
생활의달인,서울,영등포구,하얀과자점,감자케이크&스콘
생활의달인,서울,강남구,쿠라우니,쿠키브라우니
생활의달인,경북,영주시,단산반점,짜장면
생활의달인,서울,중구,진아네떡볶이,쌀떡볶이
생활의달인,서울,노원구,마떡,마늘떡볶이
생활의달인,부산,사하구,송부장연탄갈비,소갈비구이
생활의달인,경기,부천시,서신분식,떡볶이
생활의달인,경북,포항시,박신우제면소,간장비빔우동
생활의달인,경남,거창군,마리반점,쟁반양파짜장
생활의달인,인천,중구,영종원조국수,김치냉국수
생활의달인,경기,양평군,여의도떡방,찹쌀떡
생활의달인,강원,춘천시,착한팥쥐네,팥빙수
생활의달인,경남,양산시,국밥과보쌈,김치보쌈
생활의달인,경북,경주시,천북양념통닭,치킨
생활의달인,울산,남구,정입면,냉우동
생활의달인,서울,노원구,영스낵,라볶이
생활의달인,강원,삼척시,이화루,비빔짬뽕
생활의달인,경북,포항시,유강엄마손김밥,만두&반줄김밥
생활의달인,경북,포항시,미강횟집,고추장물회
생활의달인,대구,북구,푸둥,중화비빔밥
생활의달인,전북,전주시,미르밀옥류관,평양냉면
생활의달인,경기,안양시,온유김밥,불백김밥&고사리김밥
생활의달인,강원,속초시,솔밭가든막국수,막국수
생활의달인,대구,중구,운수좋은날불갈비,돼지불백
생활의달인,강원,강릉시,뚱보냉면,평양냉면
생활의달인,부산,남구,차이나반점,구름류산슬&차돌짬뽕
생활의달인,서울,강북구,신매콤터,떡볶이&고추튀김
생활의달인,강원,속초시,속초붉은대게수산,대게
생활의달인,세종,조치원읍,번암반점,간짜장&탕수육
생활의달인,서울,동작구,가본통닭,양념치킨
생활의달인,부산,부산진구,텐동황군,튀김덮밥
생활의달인,강원,고성군,교암막국수,막국수
생활의달인,대구,북구,대우족발,족발
생활의달인,부산,동래구,나고미,숙성회/초밥
생활의달인,경남,양산시,팥집단,숙성팥빙수
생활의달인,경기,포천시,알천비빔국수,동치미국수&비빔국수
생활의달인,경남,함양군,함양 떡방앗간,찹쌀떡
생활의달인,서울,동대문구,이름없는떡볶이집,떡볶이
생활의달인,전북,부안군,신생반점,짬뽕&탕수육
생활의달인,인천,남동구,백령도메밀청풍면옥,황해도냉면
생활의달인,서울,마포구,난,묵은지말이김밥
생활의달인,서울,송파구,제이스아메리칸,수제버거
생활의달인,인천,계양구,옛날수제도너츠,꽈배기
생활의달인,경남,밀양시,소문난수산국수집,국수
생활의달인,서울,마포구,카와카츠,돈가스
생활의달인,경기,고양시,대동관,평양냉면
생활의달인,서울,강남구,당옥,타래케이크
생활의달인,서울,동대문구,황하,탕수육&짜장면
생활의달인,서울,동작구,원조안흥찐빵,찐빵
생활의달인,전북,군산시,진성원,간짜장/볶음짬뽕
생활의달인,인천,부평구,과일떡볶이,떡볶이
생활의달인,충북,청주시,평양면옥,평양냉면
생활의달인,광주,광산구,춘희네쑥개떡,쑥떡
생활의달인,인천,서구,미도방만두,만두
생활의달인,서울,성북구,스프레드,스콘
생활의달인,경북,영주시,민속떡집,풍기찹쌀떡
생활의달인,서울,영등포구,브로트아트,독일빵
생활의달인,강원,속초시,매자식당,속초쌀국수
생활의달인,부산,부산진구,옥숙이손칼국수,김치국밥&군만두
생활의달인,인천,부평구,삼미당,일식라면
생활의달인,광주,서구,하남반찬,김치
생활의달인,경기,광주시,잔칫집,비빔국수
생활의달인,부산,부산진구,부엔디아,스페인요리
생활의달인,서울,광진구,마리모,스키야키덮밥
생활의달인,서울,도봉구,화승꽈배기,식혜찹쌀도너츠
생활의달인,경남,진주시,해뜨는집,피순대
생활의달인,경남,사천시,덕합반점,사천식탕수육/짜장면
생활의달인,서울,송파구,스파이스랩,인도카레
생활의달인,경북,문경시,남부떡볶이,떡볶이&고기튀김
생활의달인,서울,강서구,르뺑블랑,잡곡식빵
생활의달인,경기,용인시,홍천쌀찐빵,찐빵&만두
생활의달인,대구,중구,한성불고기,연탄불고기
생활의달인,인천,강화군,프랑스백반,프랑스가정식(코코뱅&블랑케트)
생활의달인,서울,마포구,평안도상원냉면,평양냉면
생활의달인,서울,마포구,엘비스텍,파에야/감바스
생활의달인,서울,중구,신세계떡볶이,떡볶이
생활의달인,서울,종로구,스시미치루,초밥
생활의달인,충북,옥천군,문정식당,짬뽕&볶음밥
생활의달인,서울,강북구,만두향,함경도식만두 
생활의달인,서울,강동구,다람,김치
생활의달인,대구,달서구,뚱채김밥,김밥
생활의달인,서울,마포구,건강한찐빵,표고만두
생활의달인,서울,동대문구,레알라면,라면
생활의달인,경기,남양주시,새암분식,국물떡볶이
생활의달인,서울,마포구,로쏘1924,나폴리화덕피자
생활의달인,부산,부산진구,야스마루,달걀말이국수
생활의달인,서울,종로구,몽쉐프,프랑스가정식
생활의달인,강원,강릉시,베이커리 가루,크림빵
생활의달인,부산,중구,쩡수제도너츠,꽈배기
생활의달인,서울,중구,장칼국수보쌈,장칼국수
생활의달인,경남,창원시,안집김밥,창원김밥
생활의달인,서울,중구,러시아케익,러시아 케이크
생활의달인,인천,미추홀구,삼일반점,짬뽕
생활의달인,경북,안동시,남실네,연탄불고기
생활의달인,경기,구리시,달달구리호떡,호떡
생활의달인,경기,파주시,괴흐엉관,소고기쌀국수&돼지고기비빔국수
생활의달인,서울,강서구,명동김밥,부추달걀말이김밥
생활의달인,충북,청주시,신성당,뚝배기떡볶이 
생활의달인,서울,중랑구,동해루,간짜장 
생활의달인,부산,부산진구,팔복통닭,치킨&닭두루치기
생활의달인,대전,대덕구,불티나만두찐빵,찐빵
생활의달인,경남,진주시,중앙집,초밥백반 
생활의달인,강원,춘천시,왕만두,만두
생활의달인,전북,익산시,청솔분식,라볶이
생활의달인,충남,서천군,의생원,짜장면&탕수육
생활의달인,경남,사천시,유정김밥,김밥/냉국수
생활의달인,부산,부산진구,시민냉면,밀냉면
생활의달인,서울,관악구,엄마손반찬,총각김치
생활의달인,경기,용인시,삼동소바,메밀국수
생활의달인,서울,서대문구,가례원,찹쌀떡
생활의달인,충남,아산시,함흥면옥,냉면&수육무침
생활의달인,서울,송파구,야끼소바 니주마루,야키소바
생활의달인,경기,평택시,대창통닭,치킨
생활의달인,서울,노원구,만두장성,꽈배기/만두
생활의달인,서울,서초구,라파티세리킴,치즈바게트&쑥떡빵
생활의달인,전북,완주군,이북할머니멸치국수,이북식냉국수
생활의달인,경기,하남시,엘레판트,슈니첼&스패츨
생활의달인,서울,용산구,서리김밥,묵은지김밥
생활의달인,인천,부평구,바우막국수,코다리막국수
생활의달인,서울,마포구,레이키친,수제햄버거/감바스오일파스타
생활의달인,부산,중구,황해면옥,황해도식밀면
생활의달인,경남,양산시,진리식당,동파육덮밥
생활의달인,서울,마포구,산동꾸냥수제만두,대만식만두&닭조림덮밥
생활의달인,경기,고양시,정인국수,비빔국수
생활의달인,경북,문경시,용궁석쇠구이,오징어돼지불고기석쇠구이
생활의달인,충남,천안시,마늘떡볶이,마늘떡볶이
생활의달인,부산,북구,하정국수,팥빙수
생활의달인,서울,노원구,장천,사천볶음밥&짬뽕
생활의달인,경기,고양시,만포면옥,평양냉면
생활의달인,서울,마포구,순대일번지,순대
생활의달인,경기,고양시,송림병떡집,쑥찹쌀떡
생활의달인,서울,은평구,명당만두,열무국수/만두
생활의달인,강원,춘천시,심가당,튀김&떡볶이
생활의달인,경기,수원시,멘야고코로,마제소바
생활의달인,경북,상주시,매협묵집,묵밥
생활의달인,강원,고성군,대성면옥,명태회냉면
생활의달인,경남,김해시,구강춘,마늘닭
생활의달인,경기,수원시,마초,초밥
생활의달인,강원,횡성군,광암막국수,막국수
생활의달인,부산,동래구,천일녹즙,떡볶이&호떡
생활의달인,서울,서초구,갈릭앤페퍼,이태리피자
생활의달인,경남,김해시,만리향,만두
생활의달인,서울,강남구,더플레이트디저트,밀푀유슈
생활의달인,경기,고양시,카오짜이,태국카레
생활의달인,경기,안성시,수리수리꽈배기,꽈배기
생활의달인,경기,안성시,중앙스넥,쫄면
생활의달인,대전,유성구,심스 스모크하우스,바비큐
생활의달인,서울,송파구,케이트분식당,지짐떡볶이&땡초김밥
생활의달인,서울,서초구,스시카이,곡물숙성초밥
생활의달인,서울,서초구,르팡,밤빵/먹물크림치즈빵
생활의달인,서울,동대문구,허브영양족발,족발
생활의달인,서울,강남구,에르바,이태리소고기찜&고등어파스타
생활의달인,부산,해운대구,해목,장어덮밥
생활의달인,전북,군산시,명동소바,메밀국수&비빔메밀국수
생활의달인,서울,마포구,양송이식당,오므라이스
생활의달인,전남,해남군,삼산떡방앗간,쑥떡
생활의달인,부산,영도구,와글와글,라면밥볶이
생활의달인,서울,용산구,남산와이너리,포르투갈문어밥
생활의달인,충남,아산시,하루베이커리,호두식빵
생활의달인,전북,익산시,신생반점,된장짜장
생활의달인,전북,전주시,여만국수전문점,열무비빔국수
생활의달인,부산,해운대구,보라찐빵,찐빵
생활의달인,경기,고양시,이삭소바,메밀국수
생활의달인,전남,여수시,엄마매점,튀김
생활의달인,경기,용인시,어량,주꾸미볶음
생활의달인,부산,수영구,다이도코로,명란덮밥
생활의달인,강원,속초시,한성면옥,명태회냉면
생활의달인,전북,익산시,익산원조영광통닭,프라이드치킨
생활의달인,서울,송파구,서두산 딤섬,딤섬
생활의달인,광주,광산구,다연닭갈비,닭갈비
생활의달인,인천,연수구,툴롱,광어스테이크&오리파스타
생활의달인,서울,동작구,방배한가람김밥,유부김밥
생활의달인,서울,종로구,엄용백돼지국밥,부산식수육
생활의달인,강원,철원군,놈스톤화덕피자앤파스타,화덕피자
생활의달인,서울,용산구,치즈플로,수제치즈/수제햄
생활의달인,전북,군산시,다다원,중화비빔밥
생활의달인,충남,공주시,중동오뎅집,쫄면/어묵
생활의달인,서울,동대문구,비나레스토랑,난&카레
생활의달인,서울,동대문구,서울뼈구이매운족발,매운등뼈구이
생활의달인,서울,광진구,메호르,폴포&이베리코등심스테이크
생활의달인,경기,평택시,맛조아찹쌀꿀호떡,호떡
생활의달인,서울,강서구,고성막국수,막국수
생활의달인,서울,용산구,하나모코시,토리소바(닭고기라면)
생활의달인,경기,수원시,정스닭꼬치,닭꼬치
생활의달인,서울,은평구,보람찬,반찬 김치
생활의달인,충남,당진시,금자탑,대파자장면&김치짬뽕
생활의달인,서울,종로구,만리성,북경오리
생활의달인,부산,동래구,동래충무김밥,충무김밥
생활의달인,서울,마포구,카미야,돈가스
생활의달인,경기,부천시,오븐크로아상,바나나파운드케이크
생활의달인,부산,연제구,현대칼국수,칼국수
생활의달인,서울,종로구,라 스위스,뢰스티
생활의달인,충남,논산시,만나떡방앗간,팥소절편
생활의달인,경기,남양주시,교감막국수,동치미막국수
생활의달인,서울,용산구,스시장,초밥
생활의달인,충북,청주시,명아만두,만두
생활의달인,서울,마포구,광야,뇨키&파스타
생활의달인,경기,평택시,개화식당,깐풍기/볶음밥
생활의달인,서울,강북구,호치민쌀국수,반쎄오&쌀국수
생활의달인,부산,남구,남지라면천국,라면
생활의달인,경기,의정부시,소유정,소고기전골
생활의달인,서울,송파구,그리지하우스,햄버그스테이크
생활의달인,부산,사상구,양산도집,장어구이
생활의달인,경기,가평군,르봉뺑,연유쌀바게트
생활의달인,대구,중구,이모식당,막창순대
생활의달인,경북,상주시,성수식당,짬뽕&탕수육
생활의달인,경남,진주시,중앙국수,비빔국수
생활의달인,서울,동대문구,40년전통그시절그맛,꽈배기/찹쌀도넛
생활의달인,경기,남양주시,짱떡볶이,국물떡볶이
생활의달인,서울,마포구,락희돈,꼬치구이
생활의달인,서울,마포구,발리인망원,미고렝&나시고렝
생활의달인,충남,아산시,온양삼색호떡,호떡
생활의달인,경기,성남시,블루메쯔,고기파이&슈바이스학세
생활의달인,서울,용산구,창수린,팟타이&똠양꿍
생활의달인,경기,구리시,기꾸초밥,초밥
생활의달인,강원,양양군,함스베이커리,호두찰빵&소보로찹쌀빵
생활의달인,인천,강화군,학생분식,김치만두&칼국수
생활의달인,부산,해운대구,플라잉스콘,인절미스콘
생활의달인,경북,영주시,흥부가,육회비빔밥
생활의달인,서울,용산구,수락,닭고기덮밥&김초밥&우동&튀김덮밥
생활의달인,경기,용인시,킹스시,초밥
생활의달인,전남,순천시,옛날손짜장,탕수육
생활의달인,충남,논산시,부자주걱수제비,수제비
생활의달인,서울,종로구,솔트24,크루아상
생활의달인,서울,용산구,산동만두,새우만두
생활의달인,전북,전주시,전주초장집,초장김밥&해물
생활의달인,경기,성남시,수진분식,떡볶이
생활의달인,부산,동래구,밀한줌,비건빵
생활의달인,경기,광명시,해피니스찹쌀꽈배기&호떡,인절미호떡
생활의달인,서울,마포구,스퀘어이미,파운드케이크
생활의달인,부산,중구,산수갑산,돼지갈비
생활의달인,충남,태안군,왕서방중화요리,탕수육&간짜장
생활의달인,인천,중구,신포꽈배기,꽈배기
생활의달인,서울,노원구,샛별제과,다쿠아즈
생활의달인,충북,보은군,일미식당,꼬막짬뽕
생활의달인,서울,은평구,역촌왕돈까스,돈가스
생활의달인,서울,송파구,대한명가,이북식인절미
생활의달인,충남,천안시,정통옥수사,수육&칼국수
생활의달인,서울,성동구,밀본,고기덮밥
생활의달인,부산,해운대구,피제리아라르도,화덕피자
생활의달인,경기,성남시,오뜨쿠키,쿠키
생활의달인,서울,중구,디라이프스타일키친,닭고기치즈스튜&해물스튜파스타
생활의달인,대구,서구,최영경할매빈대떡,빈대떡&김치
생활의달인,전남,무안군,무안애꽃,낙지잡이 달인
생활의달인,강원,춘천시,후평왕족발,족발
생활의달인,전남,목포시,못난이네,호떡
생활의달인,충북,보은군,고바우순대,곱창순대전골
생활의달인,경기,수원시,수원의아침,스콘&캄파뉴
생활의달인,서울,송파구,명가떡집,찹쌀떡
생활의달인,충북,청주시,공원아줌마떡볶이,떡볶이
생활의달인,경남,진주시,원깐돌이,진주비빔밥
생활의달인,서울,성동구,마블트리,데니시식빵
생활의달인,충북,옥천군,경진각,짬뽕
생활의달인,충남,서산시,향원만두,만두
생활의달인,전북,익산시,처갓집김밥,꼬마김밥
생활의달인,충북,옥천군,옥천찐빵도넛,찐빵&꽈배기
생활의달인,충북,옥천군,옥천찐빵,찐빵&꽈배기
생활의달인,경남,사천시,제일국수,잔치국수
생활의달인,강원,춘천시,육림닭강정,닭강정
생활의달인,경북,포항시,죽장휴게소,조청김밥
생활의달인,인천,부평구,에픽,파스타&팬피자
생활의달인,서울,동작구,렁트멍,파운드케이크
생활의달인,충북,충주시,대봉식당,칼국수
생활의달인,강원,인제군,경주반점,탕수육
생활의달인,서울,은평구,풍성분식,꽈배기&찹쌀도넛
생활의달인,서울,구로구,월래순교자관,군만두
생활의달인,서울,용산구,엉터리통닭,프라이드치킨
생활의달인,경북,문경시,산북손짜장,짜장면
생활의달인,부산,부산진구,부산꼴통라면,라면
생활의달인,충남,서천군,큰길휴게실,튀김김밥
생활의달인,대구,달서구,자인떡집,찹쌀떡
생활의달인,대전,동구,서울치킨,치킨
생활의달인,부산,연제구,소문난가야밀면,비빔밀면
생활의달인,경기,수원시,밀베이커리,크루아상/호두크림치즈식빵
생활의달인,충남,서산시,원조왕떡볶이분식,떡볶이
생활의달인,서울,송파구,오렌지분식,떡볶이
생활의달인,대구,수성구,쁘띠따블,시금치파스타
생활의달인,서울,강남구,다모아분식,떡볶이
생활의달인,부산,해운대구,훈이네김밥,김밥
생활의달인,전북,전주시,뺑드파미유,샐러드빵&쌀단팥빵
생활의달인,경기,수원시,대원옥,평양냉면
생활의달인,인천,중구,신일반점,탕수육
생활의달인,인천,동구,만복분식,쫄면
생활의달인,경기,김포시,뚝방국수,비빔국수
생활의달인,대전,서구,족제소,족발
생활의달인,서울,용산구,르몽블랑,털실무스케익
생활의달인,경기,양주시,나블리 베이커리카페,고구마홍쌀빵
생활의달인,경기,고양시,착한꽈배기,꽈배기
생활의달인,전북,정읍시,옛날김밥,부침개김밥
생활의달인,전북,전주시,한양소바,메밀국수
생활의달인,광주,남구,어니스트식스티,소꼬리리소토
생활의달인,서울,성동구,키베이커리,일본식타르트
생활의달인,서울,서대문구,우리하우스,쫄면
생활의달인,경남,창원시,6.25떡볶이,국물떡볶이
생활의달인,경북,경주시,해암회식당,회덮밥
생활의달인,서울,노원구,공릉우동집,비빔국수
생활의달인,경기,과천시,오매김밥,시래기김밥
생활의달인,전북,전주시,돌아온떡볶이,떡볶이
생활의달인,부산,부산진구,금홍,탕수육&짬뽕
생활의달인,부산,부산진구,삼성밀면,밀면
생활의달인,서울,구로구,만복영양솥밥,솥밥
생활의달인,광주,동구,광주보쌈,보쌈김치
생활의달인,강원,원주시,흥업매지막국수,동치미막국수
생활의달인,서울,강동구,풀팬,시금치피자
생활의달인,강원,속초시,오베르망,명란바게트
생활의달인,경기,용인시,전주반찬,반찬
생활의달인,경북,봉화군,원조약수식당,닭불고기
생활의달인,경남,남해군,부산횟집,물회
생활의달인,부산,동구,맥스넛,꽈배기
생활의달인,경기,군포시,빙화만두집,중국쫄면
생활의달인,서울,송파구,배키욘방,미소카라메
생활의달인,경기,의정부시,엄마김밥,오징어김밥
생활의달인,강원,강릉시,스시코우,초밥
생활의달인,전북,부안군,할매피순대,순대
생활의달인,인천,부평구,성심떡집,맛절미
생활의달인,서울,강남구,대낚식당,대창덮밥
생활의달인,인천,남동구,통영뱃머리충무김밥,충무김밥
생활의달인,강원,강릉시,오무라안,메밀국수
생활의달인,전남,나주시,왕곡가든,생고기비빔밥
생활의달인,인천,남동구,베이커리율교p3120,콩고물꽈배기
생활의달인,부산,중구,고흥식당,쟁반밥 배달
생활의달인,서울,강북구,동네함박,햄버그스테이크
생활의달인,강원,속초시,가덕국수,회비빔국수
생활의달인,울산,북구,함흥통닭,치킨
생활의달인,대구,동구,효목김밥,소고기김밥
생활의달인,경기,파주시,촉촉베이커리,소금앙버터
생활의달인,서울,광진구,이이요,구운덮밥
생활의달인,강원,강릉시,팡파미유,마늘빵
생활의달인,서울,서대문구,까이식당,치킨누들&라이스
생활의달인,서울,영등포구,공주칼국수,꼬막비빔칼국수
생활의달인,강원,속초시,코끼리만두분식,꽈배기&떡볶이
생활의달인,서울,송파구,차만다,영국가정식
생활의달인,경북,상주시,고려분식,땡초김밥&군만두
생활의달인,충남,서산시,시장원조호떡,호떡
생활의달인,전북,군산시,나들목,매운잡채
생활의달인,강원,춘천시,국시집,비빔국수
생활의달인,부산,중구,옥성반점,간짜장&탕수육
생활의달인,부산,수영구,소문난만두찐빵,찐빵&팥빙수
생활의달인,인천,연수구,임파스토,구운뇨키
생활의달인,광주,동구,시바 카레,드라이카레
생활의달인,서울,종로구,60년전통떡집,찹쌀떡
생활의달인,서울,종로구,천하보쌈,보쌈
생활의달인,서울,강동구,고급아바이순대,순대
생활의달인,전남,나주시,우남식당,탕수육&짬뽕
생활의달인,강원,강릉시,용비집,장칼국수
생활의달인,부산,사상구,상해만두,초만두
생활의달인,서울,관악구,낀알로이알로이,쌀국수
생활의달인,전북,군산시,반한,튀김
생활의달인,전남,구례군,목월빵집,빵
생활의달인,강원,강릉시,참순찰떡방,찹쌀떡
생활의달인,경남,남해군,이동복떡집,쑥떡(쑥인절미)
생활의달인,부산,해운대구,빨간떡볶이,중탕떡볶이
생활의달인,부산,부산진구,희와제과,소보로앙버터
생활의달인,전북,전주시,고자루,명란우동
생활의달인,서울,마포구,시골순대,막창순대
생활의달인,경기,안성시,두꺼비스낵,오이김밥
생활의달인,서울,마포구,카레시,수프카레
생활의달인,부산,중구,서온떡방,구운찹쌀떡
생활의달인,광주,동구,소맥베이커리,콩크림빵
생활의달인,서울,노원구,브로이하우스바네하임,수제맥주
생활의달인,전북,전주시,중앙쌀호떡,찹쌀호떡
생활의달인,서울,광진구,능동국시,사골국수
생활의달인,충남,부여군,할매순대,순대
생활의달인,경기,오산시,백향목만두,옛날만두
생활의달인,경남,거제시,진이네분식,매운고추김밥
생활의달인,충남,태안군,신태루,육짬뽕
생활의달인,서울,중랑구,묵동 할머니 떡볶이,짜장 떡볶이
생활의달인,서울,용산구,장강중류,라조기&어향가지
생활의달인,경기,성남시,비스트로도마,스테이크
생활의달인,서울,은평구,마마수제만두,산둥식 만두
생활의달인,전북,고창군,효도찐빵,찐빵
생활의달인,서울,성동구,옥수동화덕피자,화덕피자
생활의달인,부산,서구,편의방,삼선만두
생활의달인,대구,수성구,도리도리떡도리,찹쌀떡
생활의달인,서울,중구,춘천막국수,이북식찜닭
생활의달인,전남,목포시,중화루,탕수육
생활의달인,서울,용산구,정,탕수육
생활의달인,경기,파주시,효자관,탕수육
생활의달인,서울,성북구,나카노라멘,냉라면
생활의달인,부산,남구,남포밀냉면,밀면
생활의달인,서울,중구,스시화정,초밥
생활의달인,경기,부천시,백령메밀냉면,냉면
생활의달인,경남,진주시,원조유부김밥,유부김밥
생활의달인,서울,동대문구,춘천메밀막국수,막국수
생활의달인,경기,용인시,선비분식,만두
생활의달인,충남,예산군,삼우갈비,양념갈비
생활의달인,경기,고양시,르쁠라,프랑스가정식
생활의달인,경남,창원시,황보밀면,밀면
생활의달인,경기,평택시,우정분식,즉석떡볶이
생활의달인,강원,강릉시,제주해인물회,멍게비빔밥
생활의달인,충남,금산군,장춘관,짬뽕&볶음밥
생활의달인,경북,안동시,신촌족발보쌈,마늘족발
생활의달인,충북,충주시,오뚜기분식,쫄면
생활의달인,대전,중구,선화콩나물밥,콩나물밥
생활의달인,서울,중구,산수갑산,순대
생활의달인,경남,밀양시,청원분식,밀양냉면
생활의달인,경기,시흥시,양재역 옛날짜장,탕수육
생활의달인,대구,중구,대동면옥,평양냉면
생활의달인,대전,중구,평산면옥,냉면
생활의달인,부산,영도구,부흥식당,자리돔회덮밥
생활의달인,강원,원주시,동승루,만두
생활의달인,강원,춘천시,평양냉면,평양냉면
생활의달인,경북,영주시,일월식당,짜장면&짬뽕
생활의달인,서울,관악구,연소바,메밀국수의 달인
생활의달인,강원,태백시,맛나분식,쫄면
생활의달인,부산,남구,대박집,물회
생활의달인,부산,수영구,광안시장김밥,박고지김밥
생활의달인,강원,삼척시,쌍용각,탕수육
생활의달인,강원,영월군,연당동치미국수,동치미국수
생활의달인,충남,아산시,신정식당,밀면
생활의달인,경남,창원시,마산집,육회비빔밥
생활의달인,부산,금정구,동원분식,오징어채김밥
생활의달인,대구,남구,평화떡공방,찹쌀꿀떡
생활의달인,강원,춘천시,새참막국수,막국수
생활의달인,서울,성동구,모찌모찌 브레드,둥글레식빵
생활의달인,경기,안성시,죽산분식,간짜장
생활의달인,경기,남양주시,물레분식,짜장쫄볶이&쫄면
생활의달인,충남,천안시,랜디스커피,드립커피
생활의달인,서울,용산구,한입소반,묵은지참치김밥
생활의달인,서울,동대문구,푸른하늘,김밥
생활의달인,경북,김천시,진이분식,즉석떡볶이
생활의달인,서울,용산구,오토,고추냉이김밥
생활의달인,경기,성남시,성남장군보쌈,보쌈
생활의달인,서울,종로구,비원떡집,두텁떡
생활의달인,서울,금천구,만두라,만두
생활의달인,경기,수원시,중화분식,탕수육
생활의달인,서울,마포구,블랑제리코팡,바게트&크루아상
생활의달인,서울,광진구,데판야끼한,문어볶음&토마토 전골
생활의달인,강원,동해시,호산빵집,꽈배기&찹쌀도넛
생활의달인,경기,용인시,사가식탁,중국가정식
생활의달인,강원,삼척시,문화제과,꽈배기&도너츠
생활의달인,강원,강릉시,동해막국수,막국수
생활의달인,울산,울주군,동부분식,미나리 김밥
생활의달인,충북,청주시,옥수찐빵만두,찐빵&김치만두
생활의달인,부산,중구,60년광복동김치국수,국수
생활의달인,서울,중구,야래향,탕수육
생활의달인,강원,강릉시,강릉빵다방,인절미빵
생활의달인,서울,중구,동경우동,우동
생활의달인,서울,도봉구,도레미즉석떡볶이,즉석떡볶이
생활의달인,광주,북구,영발원,건짬뽕
생활의달인,서울,관악구,삼미옥,설렁탕&수육
생활의달인,전북,익산시,제일고기국수,국수
생활의달인,서울,마포구,상수동카스티야,카스티야
생활의달인,서울,마포구,침사추이누들,홍콩식 우육탕면
생활의달인,경기,수원시,바다예찬,꼬막솥밥
생활의달인,서울,마포구,금복족발,족발
생활의달인,서울,마포구,피슈마라홍탕,마라탕
생활의달인,충남,천안시,미미제면소,만두
생활의달인,강원,홍천군,홍천제일숯불닭갈비,숯불닭갈비
생활의달인,충남,공주시,장순루,짬뽕
생활의달인,경기,구리시,벅시분식,떡볶이
생활의달인,경북,안동시,대구식육식당,불고기
생활의달인,경기,수원시,코끼리만두,쫄면
생활의달인,충남,홍성군,홍성호떡,호떡
생활의달인,서울,강북구,삼양동순대떡볶이 ,국물떡볶이
생활의달인,경기,고양시,홍일본요리,청어소바
생활의달인,충남,홍성군,한밭식당,불고기
생활의달인,전북,익산시,풍성제과,옥수수식빵
생활의달인,부산,동래구,할매떡볶이,중탕떡볶이
생활의달인,경북,김천시,청개구리분식,명태채김밥
생활의달인,경기,고양시,진밭국수,멸치국수
생활의달인,충남,공주시,중앙분식,즉석떡볶이&비빔만두
생활의달인,서울,종로구,맛나분식,떡볶이
생활의달인,강원,평창군,장평떡방앗간,옥수수인절미
생활의달인,경기,수원시,이라면,라면
생활의달인,경남,사천시,완사진남식육식당,육회비빔밥
생활의달인,부산,중구,영심이찐빵,찐빵
생활의달인,서울,서초구,버거그루72,수제버거
생활의달인,경기,평택시,대중김밥,김밥
생활의달인,대전,중구,희락반점,유니짜장&탕수육
생활의달인,서울,마포구,타치가와텐,텐동
생활의달인,서울,종로구,장군족발,족발
생활의달인,서울,강남구,튀김아저씨,국물떡볶이
생활의달인,전북,군산시,진갈비,떡갈비
생활의달인,서울,마포구,온달만두분식,꽈배기
생활의달인,전북,완주군,아줌마국수집,국수
생활의달인,부산,중구,겐짱카레,일본식카레
생활의달인,경기,용인시,기성면옥,평양냉면
생활의달인,서울,서대문구,순이네고릴라떡볶이,국물떡볶이
생활의달인,경기,성남시,바게트케이,바게트
생활의달인,대구,수성구,삼오당어머니김밥,오징어김밥
생활의달인,부산,부산진구,본정냉면,함흥냉면
생활의달인,서울,용산구,마음과 마음,일본식 샌드위치
생활의달인,부산,부산진구,동해물회,비빔물회
생활의달인,서울,서초구,우촌,이북식김치말이
생활의달인,서울,노원구,수락이오냉면,냉면
생활의달인,서울,성북구,황해도 떡집,이북식찹쌀떡
생활의달인,서울,마포구,백리향,중화냉면
생활의달인,충남,당진시,독일빵집,찹쌀꽈배기
생활의달인,서울,송파구,홍팥집,팥빙수
생활의달인,강원,강릉시,강릉 불고기,불고기
생활의달인,경기,가평군,동이,동치미막국수
생활의달인,부산,서구,삼호냉면,냉면
생활의달인,대전,중구,뽀뽀분식,비빔칼국수
생활의달인,서울,강남구,스시산원,장어솥밥
생활의달인,경북,경주시,감로당,쫄면
생활의달인,서울,서초구,도담떡집,이북식 인절미
생활의달인,부산,사상구,주례면옥,밀면
생활의달인,경남,김해시,사계절밀면,밀면
생활의달인,강원,춘천시,회영루,중화냉면
생활의달인,서울,관악구,새우당,간장새우덮밥
생활의달인,부산,기장군,김가네 분식,떡볶이
생활의달인,부산,동구,평산옥,수육&국수
생활의달인,경북,울진군,칼국수식당,회국수&회밥
생활의달인,서울,송파구,미타우동,우동
생활의달인,인천,부평구,덕화원,간짜장
생활의달인,부산,기장군,황금새우,독도새우
생활의달인,부산,해운대구,짱떡볶이,떡볶이&튀김
생활의달인,서울,강남구,쁠로13,크루아상&크러핀
생활의달인,부산,해운대구,문스시,초밥
생활의달인,전북,익산시,마동국수,국수
생활의달인,충북,청주시,내덕분식,도넛
생활의달인,인천,부평구,부평막국수,황해도식냉면
생활의달인,부산,중구,공순대,순대
생활의달인,경남,거제시,할매함흥냉면,함흥냉면
생활의달인,서울,종로구,건강한 빵,식빵
생활의달인,부산,중구,원조소문난김밥,김초밥
생활의달인,부산,중구,소문난김밥집,김초밥
생활의달인,대구,중구,유창반점,중화비빔밥
생활의달인,강원,춘천시,복성원,사천밥
생활의달인,서울,양천구,아메리칸델리,수제햄버거
생활의달인,부산,동래구,부광반점,초마면&탕수육
생활의달인,경남,김해시,동경밥상,장어구이 덮밥
생활의달인,인천,중구,전동떡집,찹쌀떡
생활의달인,인천,강화군,서문김밥,김밥
생활의달인,서울,동작구,브레드덕,식빵
생활의달인,서울,도봉구,피자꾼,피자
생활의달인,서울,관악구,텐동요츠야,튀김덮밥
생활의달인,서울,용산구,주사부,특밥&깐쇼새우
생활의달인,경남,합천군,적사부,쇠고기탕면
생활의달인,서울,동작구,브레드 숨,탕종숙성빵&고구마식빵
생활의달인,서울,서초구,초이고야,빵
생활의달인,서울,영등포구,욥,단팥빵&크림빵
생활의달인,부산,사하구,영성방,중국식해물계란말이
생활의달인,서울,강남구,카토멘,토마토라면
생활의달인,충북,청주시,공원당,메밀&우동
생활의달인,서울,서대문구,화상 손만두,만두&오향장육
생활의달인,경기,이천시,호타루,초밥
생활의달인,서울,서초구,잠원떡볶이,국물떡볶이
생활의달인,경북,경주시,부산찐빵,찐빵
생활의달인,서울,서대문구,시오,간장닭고기덮밥
생활의달인,경기,광명시,선매떡볶이,매운떡볶이
생활의달인,충남,천안시,평양냉면,평양냉면
생활의달인,서울,은평구,한나식빵,식빵
생활의달인,인천,부평구,피플즈,시카고피자
생활의달인,서울,서초구,소울브레드,무반죽 빵
생활의달인,서울,마포구,소년식당,간장새우밥
생활의달인,서울,마포구,서울미트볼,미트볼 밥&미트볼 스파게티
생활의달인,서울,성동구,본노엘,감자 샐러드 빵
생활의달인,서울,양천구,달달애,식빵
생활의달인,전남,구례군,평화식당,육회비빔밥
생활의달인,서울,중구,오장도너츠맛집,꽈배기
생활의달인,충남,서산시,옛날빵집,호떡
생활의달인,부산,연제구,수공미식,육탕면&비앙비앙면
생활의달인,서울,서대문구,마더린러베이글,뉴욕식베이글
생활의달인,서울,강남구,하이보,딤섬
생활의달인,서울,서초구,장티크,앙데니(일본식 크림팥빵)
생활의달인,울산,울주군,수제비집,수제비
생활의달인,부산,중구,상짱,튀김요리
생활의달인,서울,성북구,윤휘식당,햄버그스테이크&차슈덮밥
생활의달인,대구,동구,반할만떡,간장떡볶이
생활의달인,서울,강남구,항차이,탕수육
생활의달인,부산,영도구,이모도나스,찹쌀도넛
생활의달인,서울,중구,꾸왁칼국수,칼국수
생활의달인,경남,창원시,호떡나라,호떡&떡볶이
생활의달인,부산,중구,삼송초밥,후토마키
생활의달인,부산,부산진구,친치쿠린,츠케면&일본라멘
생활의달인,서울,은평구,불티나 손만두,만두
생활의달인,서울,서초구,고에몬,수플레 오믈렛
생활의달인,부산,중구,옥생관,간짜장&탕수육
생활의달인,서울,강동구,하에레츠,보리캄파뉴&치즈브리오슈
생활의달인,서울,용산구,교토마블,데니시식빵
생활의달인,경기,부천시,장수당,찹쌀꽈배기
생활의달인,부산,중구,새진주식당,박육회비빔밥
생활의달인,충북,청주시,APM떡볶이,떡볶이
생활의달인,경북,경주시,양지식당,콩나물밥&파전
생활의달인,서울,강남구,뎅댕의 약속,프랑스 가정식
생활의달인,경기,의왕시,철이네,떡볶이
생활의달인,부산,해운대구,할매김밥,우엉김밥
생활의달인,서울,동대문구,마루기,냉라면
생활의달인,충남,서산시,얄개분식,브라질떡볶이
생활의달인,서울,종로구,누하의숲,남방식 치킨가스
생활의달인,부산,동래구,구본,나이테빵
생활의달인,경기,이천시,이천야반,제육볶음&비빔양념장
생활의달인,서울,강남구,그린네 은쟁반,양념 숙성 떡볶이
생활의달인,경기,광주시,강민주의들밥 ,제육볶음&비빔양념장
생활의달인,서울,종로구,잘빠진 메밀,메밀막국수
생활의달인,부산,사상구,고성분식,수제비
생활의달인,부산,해운대구,스시미르네,비빔물회
생활의달인,서울,양천구,미스차이나,탕장면&짜장면
생활의달인,부산,해운대구,마루팥빙수,팥빙수
생활의달인,서울,성동구,보난자 베이커리,치아바타&치즈볼
생활의달인,서울,관악구,타이펑,만두
생활의달인,경북,경산시,정평할매국수,비빔국수&잔치국수
생활의달인,서울,성동구,우동가조쿠,냉우동&비빔우동
생활의달인,서울,마포구,자성당,비빔쫄면
생활의달인,서울,송파구,멘야하나비,마제소바
생활의달인,서울,마포구,동일루,찹쌀탕수육
생활의달인,충남,서산시,삼형제꼬마김밥,김밥
생활의달인,부산,중구,대성밀냉면,밀냉면
생활의달인,대전,유성구,한스브레드,크림단팥빵&튀김소보로빵&크루아상식빵
생활의달인,서울,광진구,조씨네고기국수,고기비빔국수
생활의달인,울산,중구,소바루,메밀국수
생활의달인,경북,김천시,오단이꼬마김밥,손가락김밥
생활의달인,서울,동작구,방배김밥,유부김밥
생활의달인,인천,부평구,대왕김밥,우엉김밥
생활의달인,서울,강남구,광수사,초회&알밥
생활의달인,충북,청주시,오성당,꽈배기
생활의달인,서울,용산구,오빠 달걀빵,달걀빵
생활의달인,부산,해운대구,송정집,김치찌개국수
생활의달인,부산,진구,만수스시,초밥
생활의달인,서울,종로구,마초김밥,무짱아찌김밥
생활의달인,충남,서산시,명인 본점,새우장초밥&참치
생활의달인,부산,서구,포동충무김밥,충무김밥
생활의달인,서울,성북구,일상,드립커피
생활의달인,서울,영등포구,정인면옥,평양냉면
생활의달인,부산,서구,명문김밥,김밥
생활의달인,부산,해운대구,면옥향천,메밀국수
생활의달인,서울,마포구,히메지,카레
생활의달인,경북,경산시,이티떡볶이,떡볶이
생활의달인,서울,마포구,신촌즉석생우동,즉석생우동
생활의달인,경기,수원시,이가꽈배기,꽈배기&호떡
생활의달인,서울,강서구,에스더웰빙반찬,파김치
생활의달인,서울,마포구,푸하하크림빵,소금크림빵
생활의달인,서울,중구,미미국수,비빔국수&소고기국수
생활의달인,대구,남구,효명통닭,양념통닭&당면찜닭
생활의달인,서울,중구,국수가좋아,가락국수
생활의달인,서울,영등포구,브레드05,앙버터&바질빵
생활의달인,서울,서초구,루엘드파리,크루아상&브리오슈의 달인
생활의달인,대전,중구,하루방만두,만두
생활의달인,경기,성남시,진미떡볶이,즉석떡볶이
생활의달인,경남,사천시,예지분식,물국수
생활의달인,대전,동구,왕관식당,비빔밥
생활의달인,전북,군산시,복성루,짬뽕
생활의달인,경기,수원시,박군자진주냉면,냉면
생활의달인,경기,김포시,무지개분식,떡볶이
생활의달인,경남,창원시,명서밀면,밀면
생활의달인,충북,제천시,덩실분식,찹쌀떡&도너츠
생활의달인,강원,춘천시,남부막국수,막국수
생활의달인,전북,정읍시,솜씨만두,만두
생활의달인,경북,경산시,잔치국수 본점,잔치국수&비빔국수
생활의달인,인천,중구,신성루,짬뽕
생활의달인,전북,군산시,장미칼국수,칼국수
생활의달인,부산,중구,카마타케제면소,우동
생활의달인,대구,중구,어랑만두,만두&군만두
생활의달인,충남,태안군,가보,소고기짬뽕
생활의달인,경북,문경시,뉴욕제과,찹쌀떡
생활의달인,강원,속초시,의령식당,회냉면
생활의달인,충남,천안시,명성당,호두과자
생활의달인,충남,보령시,오양손칼국수,비빔국수
생활의달인,인천,미추홀구,팥지콩지,팥빙수&팥죽
생활의달인,경남,통영시,희락회맛집,물회
생활의달인,경북,예천군,백수식당,육회비빔밥
생활의달인,경북,문경시,세구기매운탕,매운탕
생활의달인,경남,김해시,떡팔이네 떡볶이,떡볶이
생활의달인,강원,원주시,향교막국수,막국수
생활의달인,부산,사하구,남해달인횟집,회백반
생활의달인,경남,김해시,달인양념만두,만두
생활의달인,인천,중구,홍두병,홍두병(중국전통빵)
생활의달인,전북,전주시,태평집,메밀국수
생활의달인,경기,안양시,호이호떡,호떡
생활의달인,강원,원주시,금룡,간짜장
생활의달인,부산,중구,원산면옥,냉면
생활의달인,경기,파주시,스타맥반석숯불갈비,닭갈비
생활의달인,경기,김포시,한성치킨,치킨
생활의달인,인천,중구,Xin,달걀두부튀김
생활의달인,경기,용인시,애나의정원,철판요리
생활의달인,경북,안동시,효자통닭,쪼림닭
생활의달인,경북,안동시,종가찜닭,찜닭
생활의달인,충북,옥천군,풍미당,쫄면
생활의달인,인천,중구,태원잔치국수,국수
생활의달인,경북,울진군,제일반점,비빔짬뽕밥
생활의달인,대전,유성구,이비가짬뽕,짬뽕&탕수육
생활의달인,경기,안양시,시골죽집,팥죽
생활의달인,전남,강진군,성하수산,김
생활의달인,충남,서산시,구옹진식당,간장냉면
생활의달인,대구,중구,중화반점,야끼우동
생활의달인,경남,진주시,천황식당,비빔밥
생활의달인,인천,부평구,소금빛풍천장어,장어
생활의달인,전북,전주시,베테랑,칼국수
생활의달인,전남,여수시,천사돌산갓김치,김치
생활의달인,부산,연제구,원조시장손칼국수,수제비
생활의달인,울산,남구,아키라우동,우동
생활의달인,전북,군산시,완주옥,떡갈비
생활의달인,경북,경주시,시장도너츠,도너츠
생활의달인,경기,이천시,소문난칼국수,면낙지
생활의달인,경기,성남시,빠띠쓰리애나스,빵
생활의달인,경기,성남시,망캄,빵
생활의달인,경북,경주시,장희분식,팥죽
생활의달인,경북,경주시,시골분식,팥죽
생활의달인,전북,전주시,PNB풍년제과 본점,초코파이
생활의달인,울산,동구,동남횟집,물회
생활의달인,충북,청주시,중앙모밀,메밀국수
생활의달인,전북,전주시,금암소바,메밀국수
생활의달인,경북,포항시,옛날한계령조개요리,조개구이
생활의달인,부산,남구,대남 포장집,문어숙회
생활의달인,서울,중구,진미떡볶이,떡볶이
생활의달인,부산,남구,용호동할매팥빙수,팥빙수
생활의달인,부산,수영구,보성녹차부산지사,팥빙수
생활의달인,전북,정읍시,보안식당,쫄면
생활의달인,경북,경주시,명동쫄면,쫄면
생활의달인,전북,익산시,시장비빔밥,비빔밥
생활의달인,강원,춘천시,유포리막국수,막국수
생활의달인,부산,수영구,다케다야,우동
생활의달인,인천,부평구,뉴욕반점,탕수육
생활의달인,경북,김천시,대성암초밥집,초밥
생활의달인,경남,진주시,수복빵집,찐빵
생활의달인,전북,전주시,백일홍찐빵만두,찐빵
생활의달인,강원,강릉시,형제칼국수,장칼국수
생활의달인,대구,동구,또또김밥,김밥
생활의달인,충북,청주시,반객,딤섬
생활의달인,경기,파주시,프로방스베이커리,마늘빵&블루베리빵
생활의달인,광주,동구,궁전제과,식빵
생활의달인,대전,동구,개천식당,만두
생활의달인,경북,청도군,오경통닭,옹치기(찜닭)
생활의달인,인천,중구,십리향,화덕만두
생활의달인,충북,청주시,소문난찐빵,찐빵
생활의달인,전북,완주군,한백상회,두부
생활의달인,경남,하동군,설송식당,은어
생활의달인,경기,성남시,자매전집,모듬전
생활의달인,전북,순창군,순창전통유과,유과
생활의달인,경기,부천시,영월감자옹심이,감자옹심이
생활의달인,인천,부평구,아프리카25도,까페
생활의달인,부산,부산진구,이시봉족발보쌈,족발
생활의달인,부산,중구,종각집,비빔우동
생활의달인,부산,연제구,소문난시장칼국수,칼국수
생활의달인,경기,파주시,국수집파주본점,국수
생활의달인,전북,전주시,겐돈소바,소바
생활의달인,부산,중구,이가네떡볶이,떡볶이
생활의달인,전북,군산시,뽀빠이냉면,냉면
생활의달인,강원,속초시,단천면옥,냉면
생활의달인,전북,전주시,조점례남문피순대,피순대
생활의달인,경기,수원시,까페안녕,멜론빙수
생활의달인,제주,서귀포시,순덕이네,돌문어볶음
생활의달인,경북,경주시,서라벌찰보리빵,찰보리빵
생활의달인,경북,경주시,밀면식당,밀면
생활의달인,전북,전주시,성완각,비빔짬뽕
생활의달인,경북,포항시,백설분식,떡볶이
생활의달인,제주,제주시,삼대국수회관,국수
생활의달인,울산,북구,바다바라기,물회
생활의달인,경북,안동시,신선식당,냉우동
생활의달인,대전,유성구,백리향,홍합볶음짬뽕
생활의달인,부산,금정구,유가네닭갈비,닭갈비
생활의달인,부산,강서구,시장분식,비빔칼국수
생활의달인,부산,중구,거인통닭,통닭
생활의달인,대구,중구,제일콩국,콩국
생활의달인,대구,북구,일미반점,중화비빔밥
생활의달인,전북,정읍시,양자강,비빔짬뽕
생활의달인,부산,영도구,태종대짬뽕,짬뽕
생활의달인,전남,목포시,장터 하당점,게
생활의달인,대전,대덕구,조기종의향미각,중화비빔밥
생활의달인,충남,서산시,진국집,게
생활의달인,울산,울주군,떡바우횟집,성게비빔밥
생활의달인,부산,중구,원조깡통골목비빔당면,국수&비빔당면
생활의달인,경북,예천군,용궁단골식당,순대
생활의달인,경기,양평군,한강순대국,순대국
생활의달인,전북,전주시,대성식품,라면
생활의달인,전북,전주시,진미반점,된장짜장&된짱짬뽕
생활의달인,대구,달서구,장여사의나뭇잎손만두,만두
생활의달인,전남,목포시,서울분식,쫄라
생활의달인,인천,중구,중화원,짜장면&짬뽕
생활의달인,전북,군산시,또리분식전문점,잡탕떡볶이
생활의달인,경기,안산시,24시수타신짬뽕,짬뽕
생활의달인,대구,중구,미성당납작만두,납작만두
생활의달인,경기,부천시,명인참치,참치
생활의달인,경남,통영시,오미사꿀빵,오미사꿀빵
생활의달인,대전,대덕구,맛집부추해물칼국수,부추칼국수
생활의달인,전북,고창군,성송반점,울금짬뽕
생활의달인,부산,영도구,백설대학,쫄우동
생활의달인,부산,금정구,맛나분식,계란만두
생활의달인,경남,의령군,종로식당,소고기국밥
생활의달인,경남,김해시,김덕규과자점,케이크
생활의달인,제주,서귀포시,경미네집,해물라면
생활의달인,충남,공주시,초가집,칼국수
생활의달인,전남,무안군,두암식당,오징어불고기
생활의달인,전북,군산시,중동호떡,호떡
생활의달인,경기,광주시,초가집,추어탕
생활의달인,경기,양주시,막줄래국시,국수
생활의달인,경북,경주시,교리김밥,김밥
생활의달인,전북,군산시,한일옥,소고기무국
생활의달인,부산,동래구,거창맷돌,순두부
생활의달인,부산,중구,18번완당집,분식
생활의달인,경기,수원시,항아리보쌈본점,항아리보쌈
생활의달인,경북,경주시,만석정,소고기
생활의달인,경기,수원시,진미통닭,통닭
생활의달인,경기,수원시,중평떡볶이,국물떡볶이
생활의달인,충남,천안시,달인계란말이김밥,김밥
생활의달인,대구,달서구,장수떡집,떡
생활의달인,인천,부평구,피자헌트,피자
생활의달인,광주,광산구,수완상추튀김,상추튀김
생활의달인,전남,여수시,삼대농원,닭
생활의달인,인천,남동구,장어이야기,장어
생활의달인,강원,동해시,오부자횟집,오징어회&냄비물회
생활의달인,경남,거제시,묵호산오징어횟집,오징어
생활의달인,전남,해남군,선두식육식당,돼지고기
생활의달인,부산,금정구,전통쑥밀면,밀면
생활의달인,경남,남해군,은성쌈밥,멸치쌈밥
생활의달인,강원,춘천시,섬향기닭갈비,닭갈비
생활의달인,경북,포항시,마라도회식당,생선회
생활의달인,대구,동구,동신교 한려수도회타운,생선회
생활의달인,인천,서구,권오길손국수,손국수
생활의달인,충남,천안시,쉬바앙,화과자
생활의달인,전남,보성군,국일식당,꼬막정식
생활의달인,경남,통영시,소문난3대할매김밥집,김밥
생활의달인,경기,시흥시,란주,짜장
생활의달인,대구,남구,남다른감자탕,감자탕
생활의달인,전북,전주시,또바기 화덕만두,화덕만두
생활의달인,인천,강화군,장흥숯불장어,장어
생활의달인,인천,중구,연경,용수면(하얀짜장면)
